Quarter,Barangay,Mayor_Total_Given_PHP,Share_of_LGU_Budget_%,Mayor_IEC_PHP,Mayor_IEC_%,Mayor_Enf_PHP,Mayor_Enf_%,Mayor_Inc_PHP,Mayor_Inc_%,Municipal_Inspectors_Deployed
1,Brgy Liangan East,24628.25,6.6%,5401.39,21.9%,10035.76,40.7%,9191.11,37.3%,0
1,Brgy Ezperanza,26363.91,7.0%,1674.28,6.4%,3777.01,14.3%,20912.63,79.3%,0
1,Brgy Poblacion,187500.00,50.0%,31412.11,16.8%,67063.41,35.8%,89024.49,47.5%,5
1,Brgy Binuni,24698.86,6.6%,1265.98,5.1%,11578.43,46.9%,11854.44,48.0%,0
1,Brgy Demologan,28532.29,7.6%,1886.87,6.6%,13063.72,45.8%,13581.69,47.6%,1
1,Brgy Mati,60473.02,16.1%,29085.57,48.1%,18791.99,31.1%,12595.46,20.8%,1
1,Brgy Babalaya,22803.68,6.1%,10372.91,45.5%,1936.43,8.5%,10494.34,46.0%,0
1,Brgy Liangan East,24902.53,6.6%,5362.92,21.5%,10250.39,41.2%,9289.23,37.3%,0
1,Brgy Ezperanza,25871.29,6.9%,1660.41,6.4%,3728.35,14.4%,20482.53,79.2%,0
1,Brgy Poblacion,187500.00,50.0%,30498.12,16.3%,67926.26,36.2%,89075.62,47.5%,5
1,Brgy Binuni,23929.50,6.4%,1233.19,5.2%,11341.05,47.4%,11355.27,47.5%,0
1,Brgy Demologan,28781.93,7.7%,1826.32,6.3%,13371.34,46.5%,13584.28,47.2%,1
1,Brgy Mati,60989.65,16.3%,29803.89,48.9%,19112.05,31.3%,12073.70,19.8%,1
1,Brgy Babalaya,23025.09,6.1%,10644.19,46.2%,1923.63,8.4%,10457.27,45.4%,0
1,Brgy Liangan East,24748.01,6.6%,5497.52,22.2%,10205.72,41.2%,9044.77,36.5%,0
1,Brgy Ezperanza,26156.14,7.0%,1694.16,6.5%,3830.67,14.6%,20631.30,78.9%,0
1,Brgy Poblacion,187500.02,50.0%,31354.44,16.7%,66410.82,35.4%,89734.76,47.9%,5
1,Brgy Binuni,24732.36,6.6%,1281.55,5.2%,11522.58,46.6%,11928.22,48.2%,0
1,Brgy Demologan,28277.32,7.5%,1909.93,6.8%,12942.99,45.8%,13424.40,47.5%,1
1,Brgy Mati,60756.42,16.2%,29578.61,48.7%,18683.18,30.8%,12494.63,20.6%,1
1,Brgy Babalaya,22829.76,6.1%,10505.12,46.0%,1981.93,8.7%,10342.71,45.3%,0
1,Brgy Liangan East,24632.10,6.6%,5723.31,23.2%,10126.47,41.1%,8782.32,35.7%,0
1,Brgy Ezperanza,25300.08,6.7%,1705.19,6.7%,3859.66,15.3%,19735.23,78.0%,0
1,Brgy Poblacion,187500.00,50.0%,30757.45,16.4%,65277.34,34.8%,91465.20,48.8%,5
1,Brgy Binuni,24715.71,6.6%,1287.35,5.2%,11523.32,46.6%,11905.03,48.2%,0
1,Brgy Demologan,27887.16,7.4%,1950.74,7.0%,13246.18,47.5%,12690.24,45.5%,1
1,Brgy Mati,62434.87,16.6%,31100.94,49.8%,18837.65,30.2%,12496.28,20.0%,1
1,Brgy Babalaya,22530.08,6.0%,10880.84,48.3%,2044.80,9.1%,9604.43,42.6%,0
2,Brgy Liangan East,221962.50,59.2%,14614.50,6.6%,14555.91,6.6%,192792.09,86.9%,1
2,Brgy Ezperanza,152874.72,40.8%,15617.68,10.2%,9207.12,6.0%,128049.92,83.8%,0
2,Brgy Poblacion,17.89,0.0%,6.31,35.2%,0.77,4.3%,10.82,60.4%,0
2,Brgy Binuni,23.98,0.0%,3.47,14.5%,10.88,45.4%,9.62,40.1%,0
2,Brgy Demologan,29.79,0.0%,2.70,9.1%,23.16,77.7%,3.94,13.2%,0
2,Brgy Mati,39.40,0.0%,2.19,5.6%,13.47,34.2%,23.74,60.2%,0
2,Brgy Babalaya,51.72,0.0%,15.00,29.0%,26.23,50.7%,10.48,20.3%,0
2,Brgy Liangan East,222272.59,59.3%,15025.95,6.8%,14990.08,6.7%,192256.56,86.5%,1
2,Brgy Ezperanza,152564.03,40.7%,15777.31,10.3%,9411.14,6.2%,127375.58,83.5%,0
2,Brgy Poblacion,18.07,0.0%,6.47,35.8%,0.79,4.4%,10.81,59.8%,0
2,Brgy Binuni,23.87,0.0%,3.43,14.4%,10.86,45.5%,9.58,40.1%,0
2,Brgy Demologan,29.99,0.0%,2.71,9.0%,23.28,77.6%,4.00,13.3%,0
2,Brgy Mati,39.19,0.0%,2.31,5.9%,13.54,34.6%,23.34,59.5%,0
2,Brgy Babalaya,52.28,0.0%,14.97,28.6%,26.64,51.0%,10.67,20.4%,0
2,Brgy Liangan East,221008.98,58.9%,15060.55,6.8%,14782.07,6.7%,191166.38,86.5%,1
2,Brgy Ezperanza,153826.91,41.0%,15890.37,10.3%,9420.55,6.1%,128515.98,83.5%,0
2,Brgy Poblacion,17.94,0.0%,6.35,35.4%,0.79,4.4%,10.80,60.2%,0
2,Brgy Binuni,24.31,0.0%,3.51,14.4%,10.99,45.2%,9.82,40.4%,0
2,Brgy Demologan,29.89,0.0%,2.75,9.2%,23.17,77.5%,3.97,13.3%,0
2,Brgy Mati,39.70,0.0%,2.26,5.7%,13.49,34.0%,23.95,60.3%,0
2,Brgy Babalaya,52.24,0.0%,15.22,29.1%,26.37,50.5%,10.65,20.4%,0
2,Brgy Liangan East,220738.94,58.9%,15272.36,6.9%,14996.06,6.8%,190470.53,86.3%,1
2,Brgy Ezperanza,154095.75,41.1%,15969.37,10.4%,9586.58,6.2%,128539.80,83.4%,0
2,Brgy Poblacion,18.00,0.0%,6.48,36.0%,0.80,4.5%,10.72,59.6%,0
2,Brgy Binuni,24.45,0.0%,3.53,14.4%,11.04,45.2%,9.87,40.4%,0
2,Brgy Demologan,29.92,0.0%,2.78,9.3%,23.18,77.5%,3.96,13.2%,0
2,Brgy Mati,40.03,0.0%,2.30,5.8%,13.58,33.9%,24.14,60.3%,0
2,Brgy Babalaya,52.94,0.0%,15.42,29.1%,26.58,50.2%,10.94,20.7%,0
3,Brgy Liangan East,212059.30,56.5%,14442.38,6.8%,19213.62,9.1%,178403.30,84.1%,1
3,Brgy Ezperanza,162768.72,43.4%,13362.55,8.2%,10648.59,6.5%,138757.58,85.2%,0
3,Brgy Poblacion,18.59,0.0%,7.42,39.9%,0.76,4.1%,10.41,56.0%,0
3,Brgy Binuni,21.80,0.0%,3.00,13.7%,10.47,48.0%,8.33,38.2%,0
3,Brgy Demologan,27.66,0.0%,2.20,7.9%,21.38,77.3%,4.09,14.8%,0
3,Brgy Mati,41.97,0.0%,2.51,6.0%,16.44,39.2%,23.01,54.8%,0
3,Brgy Babalaya,61.91,0.0%,15.73,25.4%,28.59,46.2%,17.59,28.4%,0
3,Brgy Liangan East,211224.09,56.3%,14357.81,6.8%,18669.94,8.8%,178196.33,84.4%,1
3,Brgy Ezperanza,163603.94,43.6%,13400.83,8.2%,10604.09,6.5%,139599.02,85.3%,0
3,Brgy Poblacion,18.42,0.0%,7.27,39.4%,0.75,4.1%,10.40,56.5%,0
3,Brgy Binuni,22.12,0.0%,3.05,13.8%,10.57,47.8%,8.50,38.4%,0
3,Brgy Demologan,27.49,0.0%,2.24,8.1%,21.20,77.1%,4.05,14.7%,0
3,Brgy Mati,42.31,0.0%,2.44,5.8%,16.25,38.4%,23.62,55.8%,0
3,Brgy Babalaya,61.63,0.0%,15.92,25.8%,28.30,45.9%,17.41,28.2%,0
3,Brgy Liangan East,213323.59,56.9%,14643.12,6.9%,19523.07,9.2%,179157.39,84.0%,1
3,Brgy Ezperanza,161502.53,43.1%,13449.65,8.3%,10650.00,6.6%,137402.88,85.1%,0
3,Brgy Poblacion,18.71,0.0%,7.62,40.7%,0.76,4.1%,10.32,55.2%,0
3,Brgy Binuni,21.83,0.0%,3.02,13.8%,10.48,48.0%,8.34,38.2%,0
3,Brgy Demologan,28.22,0.0%,2.19,7.8%,21.97,77.8%,4.06,14.4%,0
3,Brgy Mati,42.37,0.0%,2.58,6.1%,16.79,39.6%,23.01,54.3%,0
3,Brgy Babalaya,62.78,0.0%,15.77,25.1%,29.04,46.3%,17.96,28.6%,0
3,Brgy Liangan East,212325.44,56.6%,14689.88,6.9%,19402.48,9.1%,178233.08,83.9%,1
3,Brgy Ezperanza,162501.25,43.3%,13501.14,8.3%,10739.36,6.6%,138260.75,85.1%,0
3,Brgy Poblacion,18.66,0.0%,7.53,40.4%,0.77,4.1%,10.36,55.5%,0
3,Brgy Binuni,21.95,0.0%,3.03,13.8%,10.51,47.9%,8.41,38.3%,0
3,Brgy Demologan,27.90,0.0%,2.22,8.0%,21.60,77.4%,4.08,14.6%,0
3,Brgy Mati,42.26,0.0%,2.56,6.1%,16.57,39.2%,23.13,54.7%,0
3,Brgy Babalaya,62.52,0.0%,15.83,25.3%,28.80,46.1%,17.90,28.6%,0
4,Brgy Liangan East,213814.62,57.0%,13865.47,6.5%,18717.98,8.8%,181231.17,84.8%,1
4,Brgy Ezperanza,161015.34,42.9%,13533.13,8.4%,10463.06,6.5%,137019.16,85.1%,0
4,Brgy Poblacion,18.43,0.0%,7.27,39.4%,0.76,4.1%,10.41,56.5%,0
4,Brgy Binuni,21.67,0.0%,3.21,14.8%,10.40,48.0%,8.06,37.2%,0
4,Brgy Demologan,27.75,0.0%,2.21,8.0%,21.57,77.7%,3.97,14.3%,0
4,Brgy Mati,42.53,0.0%,2.20,5.2%,16.65,39.2%,23.67,55.7%,0
4,Brgy Babalaya,59.68,0.0%,15.44,25.9%,27.31,45.8%,16.93,28.4%,0
4,Brgy Liangan East,216553.39,57.7%,13389.41,6.2%,18725.24,8.6%,184438.73,85.2%,1
4,Brgy Ezperanza,158278.27,42.2%,13209.74,8.3%,10086.95,6.4%,134981.58,85.3%,0
4,Brgy Poblacion,18.56,0.0%,7.30,39.3%,0.73,3.9%,10.53,56.7%,0
4,Brgy Binuni,20.94,0.0%,3.10,14.8%,10.14,48.4%,7.70,36.8%,0
4,Brgy Demologan,28.10,0.0%,2.10,7.5%,22.02,78.4%,3.98,14.2%,0
4,Brgy Mati,41.83,0.0%,2.18,5.2%,16.86,40.3%,22.79,54.5%,0
4,Brgy Babalaya,58.90,0.0%,14.88,25.3%,27.49,46.7%,16.53,28.1%,0
4,Brgy Liangan East,213100.72,56.8%,13151.43,6.2%,18327.35,8.6%,181621.94,85.2%,1
4,Brgy Ezperanza,161733.55,43.1%,13083.63,8.1%,10177.31,6.3%,138472.61,85.6%,0
4,Brgy Poblacion,18.40,0.0%,6.95,37.8%,0.72,3.9%,10.74,58.4%,0
4,Brgy Binuni,21.07,0.0%,3.08,14.6%,10.16,48.2%,7.83,37.2%,0
4,Brgy Demologan,27.01,0.0%,2.12,7.8%,20.83,77.1%,4.06,15.0%,0
4,Brgy Mati,41.43,0.0%,2.10,5.1%,16.22,39.2%,23.11,55.8%,0
4,Brgy Babalaya,57.80,0.0%,14.99,25.9%,26.74,46.3%,16.08,27.8%,0
4,Brgy Liangan East,213888.53,57.0%,13810.90,6.5%,18466.90,8.6%,181610.73,84.9%,1
4,Brgy Ezperanza,160941.09,42.9%,13524.72,8.4%,10402.42,6.5%,137013.95,85.1%,0
4,Brgy Poblacion,18.36,0.0%,7.22,39.3%,0.75,4.1%,10.39,56.6%,0
4,Brgy Binuni,21.78,0.0%,3.23,14.8%,10.43,47.9%,8.11,37.3%,0
4,Brgy Demologan,27.79,0.0%,2.22,8.0%,21.63,77.8%,3.94,14.2%,0
4,Brgy Mati,42.73,0.0%,2.18,5.1%,16.63,38.9%,23.93,56.0%,0
4,Brgy Babalaya,59.68,0.0%,15.51,26.0%,27.29,45.7%,16.88,28.3%,0
5,Brgy Liangan East,215529.84,57.5%,13954.36,6.5%,18795.33,8.7%,182780.16,84.8%,1
5,Brgy Ezperanza,159298.55,42.5%,13971.67,8.8%,10662.69,6.7%,134664.19,84.5%,0
5,Brgy Poblacion,18.37,0.0%,7.40,40.3%,0.79,4.3%,10.19,55.4%,0
5,Brgy Binuni,21.86,0.0%,3.46,15.8%,10.48,48.0%,7.92,36.2%,0
5,Brgy Demologan,28.23,0.0%,2.28,8.1%,22.11,78.3%,3.84,13.6%,0
5,Brgy Mati,43.76,0.0%,2.06,4.7%,17.14,39.2%,24.55,56.1%,0
5,Brgy Babalaya,59.35,0.0%,15.53,26.2%,26.70,45.0%,17.12,28.8%,0
5,Brgy Liangan East,216883.56,57.8%,13157.01,6.1%,18562.84,8.6%,185163.70,85.4%,1
5,Brgy Ezperanza,157949.05,42.1%,13445.83,8.5%,10175.45,6.4%,134327.77,85.0%,0
5,Brgy Poblacion,18.40,0.0%,7.19,39.1%,0.74,4.0%,10.47,56.9%,0
5,Brgy Binuni,20.97,0.0%,3.29,15.7%,10.15,48.4%,7.52,35.9%,0
5,Brgy Demologan,28.01,0.0%,2.14,7.6%,21.96,78.4%,3.91,14.0%,0
5,Brgy Mati,42.49,0.0%,1.98,4.7%,17.03,40.1%,23.48,55.3%,0
5,Brgy Babalaya,57.50,0.0%,14.81,25.8%,26.44,46.0%,16.25,28.3%,0
5,Brgy Liangan East,215342.58,57.4%,13477.53,6.3%,18614.42,8.6%,183250.62,85.1%,1
5,Brgy Ezperanza,159488.58,42.5%,13707.96,8.6%,10392.29,6.5%,135388.33,84.9%,0
5,Brgy Poblacion,18.36,0.0%,7.19,39.2%,0.76,4.1%,10.41,56.7%,0
5,Brgy Binuni,21.50,0.0%,3.40,15.8%,10.32,48.0%,7.79,36.2%,0
5,Brgy Demologan,27.90,0.0%,2.21,7.9%,21.81,78.1%,3.89,13.9%,0
5,Brgy Mati,43.09,0.0%,1.99,4.6%,16.97,39.4%,24.13,56.0%,0
5,Brgy Babalaya,58.02,0.0%,15.18,26.2%,26.31,45.3%,16.54,28.5%,0
5,Brgy Liangan East,216000.83,57.6%,13694.17,6.3%,19083.60,8.8%,183223.06,84.8%,1
5,Brgy Ezperanza,158829.62,42.4%,13799.27,8.7%,10518.61,6.6%,134511.75,84.7%,0
5,Brgy Poblacion,18.52,0.0%,7.36,39.7%,0.77,4.2%,10.39,56.1%,0
5,Brgy Binuni,21.37,0.0%,3.37,15.8%,10.28,48.1%,7.71,36.1%,0
5,Brgy Demologan,28.13,0.0%,2.21,7.8%,22.02,78.3%,3.91,13.9%,0
5,Brgy Mati,43.01,0.0%,2.05,4.8%,17.16,39.9%,23.79,55.3%,0
5,Brgy Babalaya,58.49,0.0%,15.12,25.8%,26.59,45.5%,16.78,28.7%,0
6,Brgy Liangan East,219039.44,58.4%,12989.13,5.9%,18653.92,8.5%,187396.39,85.6%,1
6,Brgy Ezperanza,155792.27,41.5%,13680.02,8.8%,10097.62,6.5%,132014.62,84.7%,0
6,Brgy Poblacion,18.33,0.0%,7.23,39.5%,0.76,4.1%,10.34,56.4%,0
6,Brgy Binuni,20.92,0.0%,3.49,16.7%,10.12,48.4%,7.30,34.9%,0
6,Brgy Demologan,28.74,0.0%,2.13,7.4%,22.79,79.3%,3.81,13.3%,0
6,Brgy Mati,43.54,0.0%,1.84,4.2%,17.70,40.7%,24.00,55.1%,0
6,Brgy Babalaya,56.76,0.0%,14.65,25.8%,25.90,45.6%,16.21,28.6%,0
6,Brgy Liangan East,217441.58,58.0%,13065.06,6.0%,18535.82,8.5%,185840.70,85.5%,1
6,Brgy Ezperanza,157390.41,42.0%,13750.49,8.7%,10261.65,6.5%,133378.27,84.7%,0
6,Brgy Poblacion,18.26,0.0%,7.15,39.1%,0.76,4.2%,10.36,56.7%,0
6,Brgy Binuni,21.14,0.0%,3.52,16.7%,10.20,48.3%,7.42,35.1%,0
6,Brgy Demologan,28.27,0.0%,2.17,7.7%,22.27,78.8%,3.83,13.5%,0
6,Brgy Mati,43.60,0.0%,1.83,4.2%,17.42,40.0%,24.35,55.8%,0
6,Brgy Babalaya,56.69,0.0%,14.84,26.2%,25.65,45.2%,16.20,28.6%,0
6,Brgy Liangan East,217749.69,58.1%,13152.02,6.0%,18477.79,8.5%,186119.89,85.5%,1
6,Brgy Ezperanza,157081.08,41.9%,13874.03,8.8%,10264.86,6.5%,132942.19,84.6%,0
6,Brgy Poblacion,18.26,0.0%,7.21,39.5%,0.77,4.2%,10.29,56.3%,0
6,Brgy Binuni,21.39,0.0%,3.60,16.8%,10.28,48.0%,7.52,35.1%,0
6,Brgy Demologan,28.50,0.0%,2.20,7.7%,22.52,79.0%,3.78,13.2%,0
6,Brgy Mati,44.07,0.0%,1.81,4.1%,17.53,39.8%,24.72,56.1%,0
6,Brgy Babalaya,57.02,0.0%,15.00,26.3%,25.70,45.1%,16.32,28.6%,0
6,Brgy Liangan East,216413.33,57.7%,13996.84,6.5%,19041.01,8.8%,183375.48,84.7%,1
6,Brgy Ezperanza,158413.98,42.2%,14351.59,9.1%,10827.22,6.8%,133235.17,84.1%,0
6,Brgy Poblacion,18.33,0.0%,7.45,40.7%,0.81,4.4%,10.07,54.9%,0
6,Brgy Binuni,21.99,0.0%,3.69,16.8%,10.52,47.8%,7.77,35.4%,0
6,Brgy Demologan,28.65,0.0%,2.32,8.1%,22.56,78.7%,3.77,13.2%,0
6,Brgy Mati,44.86,0.0%,1.93,4.3%,17.65,39.3%,25.28,56.3%,0
6,Brgy Babalaya,58.84,0.0%,15.53,26.4%,26.08,44.3%,17.23,29.3%,0
7,Brgy Liangan East,219036.77,58.4%,13166.49,6.0%,18881.43,8.6%,186988.84,85.4%,1
7,Brgy Ezperanza,155793.03,41.5%,14102.99,9.1%,10395.73,6.7%,131294.30,84.3%,0
7,Brgy Poblacion,18.23,0.0%,7.29,40.0%,0.79,4.3%,10.15,55.7%,0
7,Brgy Binuni,21.26,0.0%,3.75,17.6%,10.25,48.2%,7.26,34.2%,0
7,Brgy Demologan,29.04,0.0%,2.20,7.6%,23.10,79.5%,3.74,12.9%,0
7,Brgy Mati,44.94,0.0%,1.74,3.9%,18.16,40.4%,25.04,55.7%,0
7,Brgy Babalaya,56.71,0.0%,14.88,26.2%,25.34,44.7%,16.50,29.1%,0
7,Brgy Liangan East,217605.92,58.0%,12978.70,6.0%,18490.79,8.5%,186136.44,85.5%,1
7,Brgy Ezperanza,157225.14,41.9%,14007.42,8.9%,10369.59,6.6%,132848.14,84.5%,0
7,Brgy Poblacion,18.08,0.0%,7.09,39.2%,0.78,4.3%,10.21,56.5%,0
7,Brgy Binuni,21.36,0.0%,3.75,17.6%,10.28,48.1%,7.33,34.3%,0
7,Brgy Demologan,28.50,0.0%,2.21,7.7%,22.54,79.1%,3.76,13.2%,0
7,Brgy Mati,44.83,0.0%,1.69,3.8%,17.81,39.7%,25.33,56.5%,0
7,Brgy Babalaya,56.14,0.0%,14.95,26.6%,24.97,44.5%,16.22,28.9%,0
7,Brgy Liangan East,218489.08,58.3%,13257.51,6.1%,18294.77,8.4%,186936.81,85.6%,1
7,Brgy Ezperanza,156339.08,41.7%,14294.25,9.1%,10444.32,6.7%,131600.52,84.2%,0
7,Brgy Poblacion,18.05,0.0%,7.25,40.1%,0.80,4.4%,10.01,55.4%,0
7,Brgy Binuni,21.86,0.0%,3.90,17.8%,10.46,47.8%,7.50,34.3%,0
7,Brgy Demologan,29.03,0.0%,2.29,7.9%,23.09,79.6%,3.65,12.6%,0
7,Brgy Mati,45.85,0.0%,1.69,3.7%,18.02,39.3%,26.14,57.0%,0
7,Brgy Babalaya,57.06,0.0%,15.30,26.8%,25.21,44.2%,16.56,29.0%,0
7,Brgy Liangan East,219186.33,58.4%,12969.55,5.9%,18572.24,8.5%,187644.53,85.6%,1
7,Brgy Ezperanza,155644.00,41.5%,14047.62,9.0%,10247.39,6.6%,131348.98,84.4%,0
7,Brgy Poblacion,18.17,0.0%,7.20,39.6%,0.78,4.3%,10.20,56.1%,0
7,Brgy Binuni,21.28,0.0%,3.77,17.7%,10.23,48.1%,7.28,34.2%,0
7,Brgy Demologan,29.00,0.0%,2.19,7.6%,23.08,79.6%,3.72,12.8%,0
7,Brgy Mati,44.97,0.0%,1.69,3.8%,18.08,40.2%,25.20,56.0%,0
7,Brgy Babalaya,56.24,0.0%,14.84,26.4%,25.17,44.7%,16.24,28.9%,0
8,Brgy Liangan East,218176.05,58.2%,13114.45,6.0%,18364.46,8.4%,186697.14,85.6%,1
8,Brgy Ezperanza,156652.27,41.8%,14479.36,9.2%,10561.78,6.7%,131611.12,84.0%,0
8,Brgy Poblacion,17.90,0.0%,7.12,39.8%,0.81,4.5%,9.97,55.7%,0
8,Brgy Binuni,21.88,0.0%,4.08,18.6%,10.46,47.8%,7.34,33.6%,0
8,Brgy Demologan,29.05,0.0%,2.29,7.9%,23.12,79.6%,3.64,12.5%,0
8,Brgy Mati,46.71,0.0%,1.58,3.4%,18.33,39.2%,26.80,57.4%,0
8,Brgy Babalaya,56.15,0.0%,15.25,27.2%,24.46,43.6%,16.43,29.3%,0
8,Brgy Liangan East,219534.03,58.5%,13791.48,6.3%,18926.40,8.6%,186816.14,85.1%,1
8,Brgy Ezperanza,155290.16,41.4%,14896.47,9.6%,10875.01,7.0%,129518.66,83.4%,0
8,Brgy Poblacion,18.06,0.0%,7.52,41.7%,0.85,4.7%,9.69,53.6%,0
8,Brgy Binuni,22.23,0.0%,4.18,18.8%,10.61,47.7%,7.44,33.4%,0
8,Brgy Demologan,29.93,0.0%,2.37,7.9%,23.99,80.2%,3.57,11.9%,0
8,Brgy Mati,47.61,0.0%,1.67,3.5%,18.86,39.6%,27.08,56.9%,0
8,Brgy Babalaya,58.01,0.0%,15.57,26.8%,25.11,43.3%,17.33,29.9%,0
8,Brgy Liangan East,218796.41,58.3%,13085.97,6.0%,18350.90,8.4%,187359.55,85.6%,1
8,Brgy Ezperanza,156031.52,41.6%,14477.54,9.3%,10512.05,6.7%,131041.94,84.0%,0
8,Brgy Poblacion,17.92,0.0%,7.17,40.0%,0.81,4.5%,9.95,55.5%,0
8,Brgy Binuni,21.87,0.0%,4.09,18.7%,10.45,47.8%,7.32,33.5%,0
8,Brgy Demologan,29.22,0.0%,2.29,7.8%,23.31,79.8%,3.61,12.4%,0
8,Brgy Mati,46.81,0.0%,1.57,3.4%,18.42,39.4%,26.82,57.3%,0
8,Brgy Babalaya,56.21,0.0%,15.24,27.1%,24.53,43.6%,16.45,29.3%,0
8,Brgy Liangan East,220362.78,58.8%,13351.93,6.1%,19026.20,8.6%,187984.66,85.3%,1
8,Brgy Ezperanza,154464.03,41.2%,14574.13,9.4%,10600.94,6.9%,129288.95,83.7%,0
8,Brgy Poblacion,18.14,0.0%,7.43,41.0%,0.82,4.5%,9.89,54.5%,0
8,Brgy Binuni,21.63,0.0%,4.05,18.7%,10.38,48.0%,7.20,33.3%,0
8,Brgy Demologan,29.80,0.0%,2.26,7.6%,23.91,80.2%,3.63,12.2%,0
8,Brgy Mati,46.68,0.0%,1.65,3.5%,18.85,40.4%,26.19,56.1%,0
8,Brgy Babalaya,56.92,0.0%,15.09,26.5%,24.98,43.9%,16.85,29.6%,0
9,Brgy Liangan East,220123.17,58.7%,12617.09,5.7%,17984.36,8.2%,189521.72,86.1%,1
9,Brgy Ezperanza,154705.25,41.3%,14497.47,9.4%,10329.70,6.7%,129878.07,84.0%,0
9,Brgy Poblacion,17.70,0.0%,7.01,39.6%,0.80,4.5%,9.89,55.9%,0
9,Brgy Binuni,21.76,0.0%,4.28,19.7%,10.39,47.8%,7.08,32.5%,0
9,Brgy Demologan,29.51,0.0%,2.26,7.7%,23.70,80.3%,3.55,12.0%,0
9,Brgy Mati,47.73,0.0%,1.42,3.0%,18.80,39.4%,27.51,57.6%,0
9,Brgy Babalaya,54.86,0.0%,15.03,27.4%,23.79,43.4%,16.03,29.2%,0
9,Brgy Liangan East,221659.75,59.1%,13063.97,5.9%,18650.32,8.4%,189945.45,85.7%,1
9,Brgy Ezperanza,153166.47,40.8%,14736.71,9.6%,10546.40,6.9%,127883.36,83.5%,0
9,Brgy Poblacion,17.92,0.0%,7.34,41.0%,0.83,4.6%,9.75,54.4%,0
9,Brgy Binuni,21.71,0.0%,4.29,19.8%,10.40,47.9%,7.02,32.3%,0
9,Brgy Demologan,30.21,0.0%,2.28,7.5%,24.39,80.7%,3.54,11.7%,0
9,Brgy Mati,47.95,0.0%,1.50,3.1%,19.28,40.2%,27.17,56.7%,0
9,Brgy Babalaya,56.03,0.0%,15.06,26.9%,24.34,43.4%,16.63,29.7%,0
9,Brgy Liangan East,222558.91,59.3%,12393.04,5.6%,18770.39,8.4%,191395.47,86.0%,1
9,Brgy Ezperanza,152271.94,40.6%,14177.09,9.3%,10139.44,6.7%,127955.40,84.0%,0
9,Brgy Poblacion,17.98,0.0%,7.15,39.8%,0.79,4.4%,10.05,55.9%,0
9,Brgy Binuni,20.73,0.0%,4.04,19.5%,10.04,48.4%,6.65,32.1%,0
9,Brgy Demologan,29.86,0.0%,2.12,7.1%,24.10,80.7%,3.64,12.2%,0
9,Brgy Mati,46.32,0.0%,1.47,3.2%,19.18,41.4%,25.67,55.4%,0
9,Brgy Babalaya,54.28,0.0%,14.31,26.4%,24.08,44.4%,15.89,29.3%,0
9,Brgy Liangan East,222739.88,59.4%,13051.21,5.9%,19179.56,8.6%,190509.11,85.5%,1
9,Brgy Ezperanza,152086.36,40.6%,14685.98,9.7%,10440.52,6.9%,126959.86,83.5%,0
9,Brgy Poblacion,18.08,0.0%,7.46,41.2%,0.83,4.6%,9.79,54.2%,0
9,Brgy Binuni,21.41,0.0%,4.24,19.8%,10.27,48.0%,6.90,32.2%,0
9,Brgy Demologan,30.63,0.0%,2.22,7.2%,24.85,81.1%,3.56,11.6%,0
9,Brgy Mati,47.63,0.0%,1.53,3.2%,19.64,41.2%,26.46,55.6%,0
9,Brgy Babalaya,56.02,0.0%,14.79,26.4%,24.52,43.8%,16.71,29.8%,0
10,Brgy Liangan East,221799.73,59.1%,12658.03,5.7%,18087.12,8.2%,191054.58,86.1%,1
10,Brgy Ezperanza,153026.38,40.8%,14878.77,9.7%,10437.25,6.8%,127710.35,83.5%,0
10,Brgy Poblacion,17.61,0.0%,7.11,40.3%,0.83,4.7%,9.68,54.9%,0
10,Brgy Binuni,21.97,0.0%,4.58,20.8%,10.45,47.6%,6.94,31.6%,0
10,Brgy Demologan,30.28,0.0%,2.30,7.6%,24.53,81.0%,3.45,11.4%,0
10,Brgy Mati,49.31,0.0%,1.34,2.7%,19.51,39.6%,28.47,57.7%,0
10,Brgy Babalaya,54.70,0.0%,15.09,27.6%,23.42,42.8%,16.20,29.6%,0
10,Brgy Liangan East,224307.78,59.8%,12738.70,5.7%,18579.17,8.3%,192989.91,86.0%,1
10,Brgy Ezperanza,150517.27,40.1%,14880.23,9.9%,10302.76,6.8%,125334.27,83.3%,0
10,Brgy Poblacion,17.79,0.0%,7.35,41.3%,0.83,4.7%,9.61,54.0%,0
10,Brgy Binuni,21.65,0.0%,4.54,20.9%,10.33,47.7%,6.78,31.3%,0
10,Brgy Demologan,31.21,0.0%,2.25,7.2%,25.53,81.8%,3.43,11.0%,0
10,Brgy Mati,49.19,0.0%,1.38,2.8%,20.11,40.9%,27.70,56.3%,0
10,Brgy Babalaya,55.12,0.0%,14.81,26.9%,23.87,43.3%,16.44,29.8%,0
10,Brgy Liangan East,223914.92,59.7%,13283.84,5.9%,19286.42,8.6%,191344.66,85.5%,1
10,Brgy Ezperanza,150908.20,40.2%,15187.26,10.1%,10696.50,7.1%,125024.45,82.8%,0
10,Brgy Poblacion,17.97,0.0%,7.60,42.3%,0.87,4.8%,9.51,52.9%,0
10,Brgy Binuni,21.81,0.0%,4.56,20.9%,10.42,47.8%,6.83,31.3%,0
10,Brgy Demologan,31.40,0.0%,2.29,7.3%,25.65,81.7%,3.46,11.0%,0
10,Brgy Mati,49.44,0.0%,1.46,3.0%,20.33,41.1%,27.65,55.9%,0
10,Brgy Babalaya,56.29,0.0%,15.01,26.7%,24.19,43.0%,17.09,30.4%,0
10,Brgy Liangan East,225606.42,60.2%,12019.82,5.3%,18093.52,8.0%,195493.09,86.7%,1
10,Brgy Ezperanza,149222.17,39.8%,14361.68,9.6%,9846.19,6.6%,125014.30,83.8%,0
10,Brgy Poblacion,17.71,0.0%,7.13,40.2%,0.79,4.4%,9.80,55.3%,0
10,Brgy Binuni,21.00,0.0%,4.38,20.9%,10.09,48.0%,6.53,31.1%,0
10,Brgy Demologan,30.94,0.0%,2.14,6.9%,25.36,81.9%,3.45,11.2%,0
10,Brgy Mati,48.23,0.0%,1.31,2.7%,19.92,41.3%,27.01,56.0%,0
10,Brgy Babalaya,53.56,0.0%,14.31,26.7%,23.58,44.0%,15.66,29.2%,0
11,Brgy Liangan East,224660.45,59.9%,12681.50,5.6%,18471.43,8.2%,193507.52,86.1%,1
11,Brgy Ezperanza,150163.08,40.0%,15205.35,10.1%,10414.65,6.9%,124543.08,82.9%,0
11,Brgy Poblacion,17.61,0.0%,7.29,41.4%,0.85,4.8%,9.47,53.8%,0
11,Brgy Binuni,21.97,0.0%,4.84,22.0%,10.42,47.4%,6.71,30.5%,0
11,Brgy Demologan,31.58,0.0%,2.29,7.2%,25.93,82.1%,3.36,10.7%,0
11,Brgy Mati,50.73,0.0%,1.28,2.5%,20.57,40.5%,28.89,56.9%,0
11,Brgy Babalaya,54.61,0.0%,14.92,27.3%,23.25,42.6%,16.44,30.1%,0
11,Brgy Liangan East,223063.28,59.5%,12550.29,5.6%,18231.58,8.2%,192281.42,86.2%,1
11,Brgy Ezperanza,151761.77,40.5%,15128.79,10.0%,10460.91,6.9%,126172.06,83.1%,0
11,Brgy Poblacion,17.52,0.0%,7.11,40.6%,0.84,4.8%,9.56,54.6%,0
11,Brgy Binuni,22.02,0.0%,4.83,21.9%,10.43,47.4%,6.76,30.7%,0
11,Brgy Demologan,30.87,0.0%,2.30,7.4%,25.17,81.5%,3.40,11.0%,0
11,Brgy Mati,50.47,0.0%,1.25,2.5%,20.14,39.9%,29.08,57.6%,0
11,Brgy Babalaya,54.06,0.0%,14.97,27.7%,22.91,42.4%,16.18,29.9%,0
11,Brgy Liangan East,225295.23,60.1%,12365.74,5.5%,18184.45,8.1%,194745.05,86.4%,1
11,Brgy Ezperanza,149529.62,39.9%,14991.88,10.0%,10214.59,6.8%,124323.15,83.1%,0
11,Brgy Poblacion,17.56,0.0%,7.20,41.0%,0.83,4.7%,9.53,54.3%,0
11,Brgy Binuni,21.74,0.0%,4.79,22.1%,10.33,47.5%,6.61,30.4%,0
11,Brgy Demologan,31.47,0.0%,2.25,7.1%,25.86,82.2%,3.36,10.7%,0
11,Brgy Mati,50.41,0.0%,1.24,2.5%,20.47,40.6%,28.70,56.9%,0
11,Brgy Babalaya,53.96,0.0%,14.74,27.3%,23.12,42.9%,16.10,29.8%,0
11,Brgy Liangan East,224351.70,59.8%,12609.93,5.6%,18405.92,8.2%,193335.84,86.2%,1
11,Brgy Ezperanza,150472.38,40.1%,15168.03,10.1%,10419.11,6.9%,124885.23,83.0%,0
11,Brgy Poblacion,17.60,0.0%,7.25,41.2%,0.85,4.8%,9.50,54.0%,0
11,Brgy Binuni,21.95,0.0%,4.84,22.0%,10.41,47.4%,6.70,30.5%,0
11,Brgy Demologan,31.35,0.0%,2.29,7.3%,25.69,82.0%,3.37,10.8%,0
11,Brgy Mati,50.61,0.0%,1.27,2.5%,20.44,40.4%,28.91,57.1%,0
11,Brgy Babalaya,54.38,0.0%,14.91,27.4%,23.13,42.5%,16.34,30.0%,0
12,Brgy Liangan East,224282.00,59.8%,12311.59,5.5%,17806.03,7.9%,194164.39,86.6%,1
12,Brgy Ezperanza,150541.19,40.1%,15410.99,10.2%,10339.31,6.9%,124790.88,82.9%,0
12,Brgy Poblacion,17.28,0.0%,7.01,40.6%,0.85,4.9%,9.41,54.5%,0
12,Brgy Binuni,22.43,0.0%,5.22,23.3%,10.51,46.9%,6.70,29.9%,0
12,Brgy Demologan,31.52,0.0%,2.33,7.4%,25.91,82.2%,3.28,10.4%,0
12,Brgy Mati,52.33,0.0%,1.13,2.2%,20.69,39.5%,30.52,58.3%,0
12,Brgy Babalaya,53.26,0.0%,15.03,28.2%,22.26,41.8%,15.97,30.0%,0
12,Brgy Liangan East,221942.64,59.2%,13089.61,5.9%,18510.21,8.3%,190342.81,85.8%,1
12,Brgy Ezperanza,152878.27,40.8%,15936.81,10.4%,11022.44,7.2%,125919.02,82.4%,0
12,Brgy Poblacion,17.41,0.0%,7.20,41.4%,0.91,5.2%,9.30,53.4%,0
12,Brgy Binuni,22.95,0.0%,5.32,23.2%,10.72,46.7%,6.91,30.1%,0
12,Brgy Demologan,31.23,0.0%,2.45,7.8%,25.46,81.5%,3.32,10.6%,0
12,Brgy Mati,52.84,0.0%,1.20,2.3%,20.64,39.1%,31.00,58.7%,0
12,Brgy Babalaya,54.69,0.0%,15.52,28.4%,22.40,41.0%,16.77,30.7%,0
12,Brgy Liangan East,225841.19,60.2%,12613.08,5.6%,18427.97,8.2%,194800.14,86.3%,1
12,Brgy Ezperanza,148980.64,39.7%,15537.37,10.4%,10491.30,7.0%,122951.97,82.5%,0
12,Brgy Poblacion,17.48,0.0%,7.30,41.8%,0.87,5.0%,9.31,53.2%,0
12,Brgy Binuni,22.20,0.0%,5.16,23.2%,10.46,47.1%,6.58,29.6%,0
12,Brgy Demologan,32.16,0.0%,2.32,7.2%,26.55,82.6%,3.28,10.2%,0
12,Brgy Mati,52.24,0.0%,1.19,2.3%,21.16,40.5%,29.89,57.2%,0
12,Brgy Babalaya,54.10,0.0%,14.94,27.6%,22.73,42.0%,16.43,30.4%,0
12,Brgy Liangan East,224725.98,59.9%,12312.52,5.5%,17898.48,8.0%,194514.98,86.6%,1
12,Brgy Ezperanza,150097.41,40.0%,15392.70,10.3%,10346.00,6.9%,124358.71,82.9%,0
12,Brgy Poblacion,17.33,0.0%,7.05,40.7%,0.85,4.9%,9.42,54.4%,0
12,Brgy Binuni,22.29,0.0%,5.18,23.2%,10.47,47.0%,6.64,29.8%,0
12,Brgy Demologan,31.58,0.0%,2.32,7.4%,25.97,82.2%,3.29,10.4%,0
12,Brgy Mati,52.13,0.0%,1.14,2.2%,20.73,39.8%,30.26,58.0%,0
12,Brgy Babalaya,53.25,0.0%,14.95,28.1%,22.33,41.9%,15.97,30.0%,0
13,Brgy Liangan East,225105.12,60.0%,12934.72,5.7%,18791.97,8.3%,193378.44,85.9%,1
13,Brgy Ezperanza,149714.31,39.9%,16135.69,10.8%,10948.72,7.3%,122629.91,81.9%,0
13,Brgy Poblacion,17.40,0.0%,7.35,42.2%,0.92,5.3%,9.13,52.5%,0
13,Brgy Binuni,22.72,0.0%,5.54,24.4%,10.61,46.7%,6.57,28.9%,0
13,Brgy Demologan,32.35,0.0%,2.41,7.4%,26.69,82.5%,3.25,10.0%,0
13,Brgy Mati,53.89,0.0%,1.14,2.1%,21.62,40.1%,31.13,57.8%,0
13,Brgy Babalaya,54.16,0.0%,15.19,28.1%,22.18,40.9%,16.79,31.0%,0
13,Brgy Liangan East,226188.16,60.3%,12371.87,5.5%,17864.07,7.9%,195952.22,86.6%,1
13,Brgy Ezperanza,148631.92,39.6%,15845.99,10.7%,10416.94,7.0%,122368.99,82.3%,0
13,Brgy Poblacion,17.15,0.0%,7.12,41.5%,0.89,5.2%,9.15,53.3%,0
13,Brgy Binuni,22.79,0.0%,5.61,24.6%,10.59,46.5%,6.59,28.9%,0
13,Brgy Demologan,32.54,0.0%,2.38,7.3%,26.99,83.0%,3.17,9.7%,0
13,Brgy Mati,54.21,0.0%,1.06,2.0%,21.52,39.7%,31.63,58.3%,0
13,Brgy Babalaya,53.19,0.0%,15.09,28.4%,21.91,41.2%,16.19,30.4%,0
13,Brgy Liangan East,226116.31,60.3%,12835.25,5.7%,18660.72,8.3%,194620.34,86.1%,1
13,Brgy Ezperanza,148702.69,39.7%,16082.18,10.8%,10805.72,7.3%,121814.79,81.9%,0
13,Brgy Poblacion,17.39,0.0%,7.38,42.5%,0.92,5.3%,9.09,52.3%,0
13,Brgy Binuni,22.69,0.0%,5.56,24.5%,10.60,46.7%,6.54,28.8%,0
13,Brgy Demologan,32.69,0.0%,2.39,7.3%,27.08,82.8%,3.22,9.8%,0
13,Brgy Mati,54.07,0.0%,1.13,2.1%,21.78,40.3%,31.16,57.6%,0
13,Brgy Babalaya,54.15,0.0%,15.15,28.0%,22.25,41.1%,16.76,30.9%,0
13,Brgy Liangan East,225736.41,60.2%,12435.89,5.5%,18190.37,8.1%,195110.14,86.4%,1
13,Brgy Ezperanza,149084.72,39.8%,15809.80,10.6%,10560.85,7.1%,122714.05,82.3%,0
13,Brgy Poblacion,17.25,0.0%,7.15,41.4%,0.89,5.1%,9.22,53.4%,0
13,Brgy Binuni,22.53,0.0%,5.50,24.4%,10.52,46.7%,6.51,28.9%,0
13,Brgy Demologan,32.25,0.0%,2.36,7.3%,26.66,82.7%,3.23,10.0%,0
13,Brgy Mati,53.67,0.0%,1.08,2.0%,21.45,40.0%,31.14,58.0%,0
13,Brgy Babalaya,53.18,0.0%,14.99,28.2%,21.95,41.3%,16.24,30.5%,0
1,Brgy Liangan East,24715.44,6.6%,5690.71,23.0%,10222.63,41.4%,8802.10,35.6%,0
1,Brgy Ezperanza,25292.23,6.7%,1696.63,6.7%,3833.58,15.2%,19762.02,78.1%,0
1,Brgy Poblacion,187500.03,50.0%,30620.10,16.3%,65693.87,35.0%,91186.06,48.6%,5
1,Brgy Binuni,24523.73,6.5%,1273.16,5.2%,11457.34,46.7%,11793.24,48.1%,0
1,Brgy Demologan,28016.71,7.5%,1917.56,6.8%,13273.09,47.4%,12826.06,45.8%,1
1,Brgy Mati,62376.91,16.6%,31079.66,49.8%,18930.03,30.3%,12367.23,19.8%,1
1,Brgy Babalaya,22574.98,6.0%,10846.68,48.0%,2030.95,9.0%,9697.35,43.0%,0
1,Brgy Liangan East,24703.61,6.6%,5469.79,22.1%,10164.45,41.1%,9069.37,36.7%,0
1,Brgy Ezperanza,26186.87,7.0%,1679.15,6.4%,3805.98,14.5%,20701.74,79.1%,0
1,Brgy Poblacion,187499.97,50.0%,31192.73,16.6%,66741.44,35.6%,89565.79,47.8%,5
1,Brgy Binuni,24587.34,6.6%,1259.87,5.1%,11510.26,46.8%,11817.21,48.1%,0
1,Brgy Demologan,28405.85,7.6%,1886.34,6.6%,12993.27,45.7%,13526.23,47.6%,1
1,Brgy Mati,60846.12,16.2%,29669.31,48.8%,18758.24,30.8%,12418.57,20.4%,1
1,Brgy Babalaya,22770.20,6.1%,10442.92,45.9%,1961.65,8.6%,10365.62,45.5%,0
1,Brgy Liangan East,24525.04,6.5%,5367.95,21.9%,9866.89,40.2%,9290.20,37.9%,0
1,Brgy Ezperanza,26162.22,7.0%,1685.27,6.4%,3708.63,14.2%,20768.33,79.4%,0
1,Brgy Poblacion,187499.98,50.0%,31630.81,16.9%,67122.89,35.8%,88746.28,47.3%,5
1,Brgy Binuni,25037.31,6.7%,1307.96,5.2%,11670.99,46.6%,12058.36,48.2%,0
1,Brgy Demologan,28569.54,7.6%,1910.51,6.7%,13432.33,47.0%,13226.70,46.3%,1
1,Brgy Mati,60379.97,16.1%,28462.28,47.1%,19042.58,31.5%,12875.11,21.3%,1
1,Brgy Babalaya,22825.89,6.1%,10461.26,45.8%,1935.35,8.5%,10429.28,45.7%,0
1,Brgy Liangan East,24952.09,6.7%,5558.48,22.3%,10494.96,42.1%,8898.65,35.7%,0
1,Brgy Ezperanza,25675.49,6.8%,1678.88,6.5%,3832.44,14.9%,20164.18,78.5%,0
1,Brgy Poblacion,187500.02,50.0%,30501.63,16.3%,66652.09,35.5%,90346.29,48.2%,5
1,Brgy Binuni,24016.48,6.4%,1232.52,5.1%,11269.12,46.9%,11514.84,47.9%,0
1,Brgy Demologan,28331.23,7.6%,1848.97,6.5%,13002.67,45.9%,13479.59,47.6%,1
1,Brgy Mati,61721.91,16.5%,30978.07,50.2%,18828.45,30.5%,11915.40,19.3%,1
1,Brgy Babalaya,22802.82,6.1%,10641.47,46.7%,1991.39,8.7%,10169.95,44.6%,0
2,Brgy Liangan East,218825.11,58.4%,14942.99,6.8%,14783.89,6.8%,189098.23,86.4%,1
2,Brgy Ezperanza,156012.20,41.6%,15699.75,10.1%,9560.55,6.1%,130751.90,83.8%,0
2,Brgy Poblacion,17.94,0.0%,6.24,34.8%,0.78,4.4%,10.91,60.8%,0
2,Brgy Binuni,24.25,0.0%,3.44,14.2%,10.97,45.3%,9.83,40.5%,0
2,Brgy Demologan,29.04,0.0%,2.74,9.4%,22.25,76.6%,4.05,13.9%,0
2,Brgy Mati,39.38,0.0%,2.25,5.7%,13.20,33.5%,23.94,60.8%,0
2,Brgy Babalaya,52.08,0.0%,15.27,29.3%,26.15,50.2%,10.66,20.5%,0
2,Brgy Liangan East,220918.44,58.9%,15626.51,7.1%,15416.10,7.0%,189875.83,85.9%,1
2,Brgy Ezperanza,153916.33,41.0%,16224.52,10.5%,9746.92,6.3%,127944.89,83.1%,0
2,Brgy Poblacion,18.15,0.0%,6.58,36.3%,0.82,4.5%,10.74,59.2%,0
2,Brgy Binuni,24.40,0.0%,3.53,14.5%,11.03,45.2%,9.85,40.4%,0
2,Brgy Demologan,30.03,0.0%,2.80,9.3%,23.23,77.4%,4.00,13.3%,0
2,Brgy Mati,39.72,0.0%,2.38,6.0%,13.62,34.3%,23.73,59.7%,0
2,Brgy Babalaya,52.94,0.0%,15.32,28.9%,26.64,50.3%,10.97,20.7%,0
2,Brgy Liangan East,221806.55,59.1%,15383.28,6.9%,15245.47,6.9%,191177.80,86.2%,1
2,Brgy Ezperanza,153028.03,40.8%,15994.31,10.5%,9570.11,6.3%,127463.60,83.3%,0
2,Brgy Poblacion,18.09,0.0%,6.57,36.3%,0.81,4.5%,10.71,59.2%,0
2,Brgy Binuni,24.23,0.0%,3.49,14.4%,10.99,45.3%,9.76,40.3%,0
2,Brgy Demologan,30.29,0.0%,2.75,9.1%,23.56,77.8%,3.98,13.1%,0
2,Brgy Mati,39.81,0.0%,2.36,5.9%,13.74,34.5%,23.70,59.5%,0
2,Brgy Babalaya,53.05,0.0%,15.26,28.8%,26.82,50.6%,10.96,20.7%,0
2,Brgy Liangan East,221942.16,59.2%,14712.35,6.6%,14694.36,6.6%,192535.44,86.8%,1
2,Brgy Ezperanza,152895.41,40.8%,15677.21,10.3%,9238.81,6.0%,127979.39,83.7%,0
2,Brgy Poblacion,17.97,0.0%,6.30,35.1%,0.78,4.3%,10.89,60.6%,0
2,Brgy Binuni,23.91,0.0%,3.45,14.4%,10.85,45.4%,9.61,40.2%,0
2,Brgy Demologan,29.83,0.0%,2.69,9.0%,23.15,77.6%,3.99,13.4%,0
2,Brgy Mati,39.16,0.0%,2.22,5.7%,13.44,34.3%,23.50,60.0%,0
2,Brgy Babalaya,51.58,0.0%,14.92,28.9%,26.27,50.9%,10.39,20.1%,0
3,Brgy Liangan East,213416.73,56.9%,13898.11,6.5%,18884.62,8.8%,180634.00,84.6%,1
3,Brgy Ezperanza,161413.03,43.0%,13091.46,8.1%,10242.28,6.3%,138079.30,85.5%,0
3,Brgy Poblacion,18.59,0.0%,7.31,39.3%,0.73,3.9%,10.55,56.8%,0
3,Brgy Binuni,21.40,0.0%,2.96,13.8%,10.30,48.1%,8.15,38.1%,0
3,Brgy Demologan,27.78,0.0%,2.12,7.6%,21.58,77.7%,4.08,14.7%,0
3,Brgy Mati,41.58,0.0%,2.42,5.8%,16.48,39.6%,22.68,54.5%,0
3,Brgy Babalaya,60.88,0.0%,15.34,25.2%,28.47,46.8%,17.06,28.0%,0
3,Brgy Liangan East,212144.94,56.6%,13584.26,6.4%,18967.88,8.9%,179592.80,84.7%,1
3,Brgy Ezperanza,162688.03,43.4%,12873.07,7.9%,10230.55,6.3%,139584.42,85.8%,0
3,Brgy Poblacion,18.61,0.0%,7.12,38.3%,0.71,3.8%,10.78,57.9%,0
3,Brgy Binuni,20.99,0.0%,2.86,13.6%,10.15,48.3%,7.98,38.0%,0
3,Brgy Demologan,27.10,0.0%,2.07,7.6%,20.84,76.9%,4.19,15.5%,0
3,Brgy Mati,40.68,0.0%,2.39,5.9%,16.16,39.7%,22.13,54.4%,0
3,Brgy Babalaya,59.65,0.0%,15.05,25.2%,27.99,46.9%,16.61,27.8%,0
3,Brgy Liangan East,213008.75,56.8%,14167.66,6.7%,19230.12,9.0%,179610.97,84.3%,1
3,Brgy Ezperanza,161820.58,43.2%,13149.12,8.1%,10480.70,6.5%,138190.75,85.4%,0
3,Brgy Poblacion,18.65,0.0%,7.40,39.7%,0.74,4.0%,10.51,56.3%,0
3,Brgy Binuni,21.37,0.0%,2.92,13.7%,10.32,48.3%,8.12,38.0%,0
3,Brgy Demologan,27.71,0.0%,2.14,7.7%,21.45,77.4%,4.13,14.9%,0
3,Brgy Mati,41.51,0.0%,2.51,6.1%,16.48,39.7%,22.51,54.2%,0
3,Brgy Babalaya,61.46,0.0%,15.42,25.1%,28.69,46.7%,17.35,28.2%,0
3,Brgy Liangan East,213276.81,56.9%,14439.69,6.8%,19268.57,9.0%,179568.55,84.2%,1
3,Brgy Ezperanza,161550.42,43.1%,13383.24,8.3%,10564.27,6.5%,137602.91,85.2%,0
3,Brgy Poblacion,18.64,0.0%,7.51,40.3%,0.75,4.0%,10.37,55.7%,0
3,Brgy Binuni,21.78,0.0%,3.02,13.8%,10.45,48.0%,8.31,38.2%,0
3,Brgy Demologan,28.05,0.0%,2.19,7.8%,21.81,77.8%,4.05,14.5%,0
3,Brgy Mati,42.21,0.0%,2.52,6.0%,16.66,39.5%,23.03,54.6%,0
3,Brgy Babalaya,62.15,0.0%,15.70,25.3%,28.76,46.3%,17.68,28.5%,0
4,Brgy Liangan East,214886.36,57.3%,13121.63,6.1%,18323.75,8.5%,183440.98,85.4%,1
4,Brgy Ezperanza,159946.66,42.7%,13104.66,8.2%,9986.34,6.2%,136855.66,85.6%,0
4,Brgy Poblacion,18.40,0.0%,7.04,38.3%,0.72,3.9%,10.64,57.8%,0
4,Brgy Binuni,21.09,0.0%,3.12,14.8%,10.16,48.2%,7.81,37.1%,0
4,Brgy Demologan,27.62,0.0%,2.10,7.6%,21.53,77.9%,3.99,14.5%,0
4,Brgy Mati,41.80,0.0%,2.09,5.0%,16.57,39.7%,23.13,55.3%,0
4,Brgy Babalaya,58.08,0.0%,14.94,25.7%,26.98,46.4%,16.17,27.8%,0
4,Brgy Liangan East,215275.78,57.4%,13822.04,6.4%,19038.44,8.8%,182415.30,84.7%,1
4,Brgy Ezperanza,159554.45,42.5%,13453.13,8.4%,10404.46,6.5%,135696.88,85.0%,0
4,Brgy Poblacion,18.59,0.0%,7.39,39.8%,0.75,4.0%,10.45,56.2%,0
4,Brgy Binuni,21.29,0.0%,3.15,14.8%,10.27,48.2%,7.87,37.0%,0
4,Brgy Demologan,28.00,0.0%,2.16,7.7%,21.85,78.0%,3.99,14.2%,0
4,Brgy Mati,42.18,0.0%,2.25,5.3%,16.83,39.9%,23.10,54.8%,0
4,Brgy Babalaya,59.71,0.0%,15.18,25.4%,27.57,46.2%,16.96,28.4%,0
4,Brgy Liangan East,214259.92,57.1%,13605.38,6.3%,18651.09,8.7%,182003.45,84.9%,1
4,Brgy Ezperanza,160571.25,42.8%,13353.00,8.3%,10308.16,6.4%,136910.09,85.3%,0
4,Brgy Poblacion,18.46,0.0%,7.21,39.0%,0.74,4.0%,10.51,56.9%,0
4,Brgy Binuni,21.37,0.0%,3.15,14.7%,10.29,48.1%,7.93,37.1%,0
4,Brgy Demologan,27.70,0.0%,2.16,7.8%,21.54,77.8%,3.99,14.4%,0
4,Brgy Mati,42.15,0.0%,2.18,5.2%,16.63,39.5%,23.34,55.4%,0
4,Brgy Babalaya,59.14,0.0%,15.22,25.7%,27.27,46.1%,16.66,28.2%,0
4,Brgy Liangan East,215753.56,57.5%,13198.85,6.1%,18536.70,8.6%,184018.02,85.3%,1
4,Brgy Ezperanza,159079.12,42.4%,13135.06,8.3%,9992.46,6.3%,135951.61,85.5%,0
4,Brgy Poblacion,18.49,0.0%,7.15,38.7%,0.72,3.9%,10.62,57.4%,0
4,Brgy Binuni,20.96,0.0%,3.11,14.8%,10.12,48.3%,7.74,36.9%,0
4,Brgy Demologan,27.85,0.0%,2.09,7.5%,21.77,78.2%,3.99,14.3%,0
4,Brgy Mati,41.72,0.0%,2.13,5.1%,16.72,40.1%,22.87,54.8%,0
4,Brgy Babalaya,58.30,0.0%,14.85,25.5%,27.19,46.6%,16.26,27.9%,0
5,Brgy Liangan East,216465.41,57.7%,13954.23,6.4%,19106.16,8.8%,183405.02,84.7%,1
5,Brgy Ezperanza,158363.08,42.2%,13945.55,8.8%,10632.80,6.7%,133784.73,84.5%,0
5,Brgy Poblacion,18.51,0.0%,7.49,40.5%,0.79,4.2%,10.23,55.3%,0
5,Brgy Binuni,21.61,0.0%,3.42,15.8%,10.39,48.1%,7.80,36.1%,0
5,Brgy Demologan,28.45,0.0%,2.25,7.9%,22.34,78.5%,3.86,13.6%,0
5,Brgy Mati,43.54,0.0%,2.09,4.8%,17.31,39.8%,24.13,55.4%,0
5,Brgy Babalaya,59.36,0.0%,15.35,25.9%,26.86,45.3%,17.15,28.9%,0
5,Brgy Liangan East,216182.19,57.6%,13492.28,6.2%,18858.15,8.7%,183831.75,85.0%,1
5,Brgy Ezperanza,158648.98,42.3%,13663.16,8.6%,10382.55,6.5%,134603.27,84.8%,0
5,Brgy Poblacion,18.45,0.0%,7.28,39.5%,0.76,4.1%,10.40,56.4%,0
5,Brgy Binuni,21.27,0.0%,3.35,15.7%,10.25,48.2%,7.66,36.0%,0
5,Brgy Demologan,28.09,0.0%,2.18,7.8%,22.00,78.3%,3.90,13.9%,0
5,Brgy Mati,42.88,0.0%,2.02,4.7%,17.12,39.9%,23.74,55.4%,0
5,Brgy Babalaya,58.16,0.0%,15.04,25.9%,26.52,45.6%,16.60,28.5%,0
5,Brgy Liangan East,216472.33,57.7%,13057.28,6.0%,18235.63,8.4%,185179.41,85.5%,1
5,Brgy Ezperanza,158360.31,42.2%,13479.43,8.5%,10102.40,6.4%,134778.48,85.1%,0
5,Brgy Poblacion,18.32,0.0%,7.09,38.7%,0.74,4.0%,10.50,57.3%,0
5,Brgy Binuni,21.18,0.0%,3.35,15.8%,10.20,48.2%,7.63,36.0%,0
5,Brgy Demologan,27.92,0.0%,2.16,7.7%,21.88,78.4%,3.88,13.9%,0
5,Brgy Mati,42.74,0.0%,1.93,4.5%,16.93,39.6%,23.88,55.9%,0
5,Brgy Babalaya,57.18,0.0%,14.91,26.1%,26.20,45.8%,16.07,28.1%,0
5,Brgy Liangan East,215935.16,57.6%,13743.54,6.4%,19071.75,8.8%,183119.88,84.8%,1
5,Brgy Ezperanza,158894.92,42.4%,13808.96,8.7%,10549.00,6.6%,134536.97,84.7%,0
5,Brgy Poblacion,18.50,0.0%,7.38,39.9%,0.77,4.2%,10.34,55.9%,0
5,Brgy Binuni,21.43,0.0%,3.38,15.8%,10.31,48.1%,7.74,36.1%,0
5,Brgy Demologan,28.16,0.0%,2.21,7.9%,22.04,78.3%,3.90,13.9%,0
5,Brgy Mati,43.12,0.0%,2.06,4.8%,17.17,39.8%,23.89,55.4%,0
5,Brgy Babalaya,58.72,0.0%,15.19,25.9%,26.65,45.4%,16.88,28.8%,0
6,Brgy Liangan East,219602.48,58.6%,13259.03,6.0%,19074.90,8.7%,187268.56,85.3%,1
6,Brgy Ezperanza,155228.05,41.4%,13815.73,8.9%,10288.76,6.6%,131123.56,84.5%,0
6,Brgy Poblacion,18.47,0.0%,7.44,40.3%,0.77,4.2%,10.26,55.6%,0
6,Brgy Binuni,20.92,0.0%,3.50,16.7%,10.14,48.5%,7.28,34.8%,0
6,Brgy Demologan,28.93,0.0%,2.15,7.4%,22.98,79.4%,3.81,13.2%,0
6,Brgy Mati,43.66,0.0%,1.90,4.3%,17.87,40.9%,23.89,54.7%,0
6,Brgy Babalaya,57.47,0.0%,14.72,25.6%,26.17,45.5%,16.58,28.8%,0
6,Brgy Liangan East,217120.20,57.9%,12753.66,5.9%,18402.15,8.5%,185964.41,85.7%,1
6,Brgy Ezperanza,157713.59,42.1%,13549.88,8.6%,10108.41,6.4%,134055.30,85.0%,0
6,Brgy Poblacion,18.25,0.0%,7.01,38.4%,0.74,4.1%,10.50,57.5%,0
6,Brgy Binuni,20.91,0.0%,3.47,16.6%,10.11,48.3%,7.33,35.1%,0
6,Brgy Demologan,27.99,0.0%,2.13,7.6%,22.00,78.6%,3.86,13.8%,0
6,Brgy Mati,43.17,0.0%,1.78,4.1%,17.28,40.0%,24.11,55.8%,0
6,Brgy Babalaya,55.90,0.0%,14.66,26.2%,25.42,45.5%,15.83,28.3%,0
6,Brgy Liangan East,218367.20,58.2%,13641.56,6.2%,19143.98,8.8%,185581.66,85.0%,1
6,Brgy Ezperanza,156461.56,41.7%,14064.52,9.0%,10572.90,6.8%,131824.14,84.3%,0
6,Brgy Poblacion,18.42,0.0%,7.50,40.7%,0.79,4.3%,10.12,55.0%,0
6,Brgy Binuni,21.39,0.0%,3.58,16.8%,10.32,48.3%,7.48,35.0%,0
6,Brgy Demologan,28.86,0.0%,2.23,7.7%,22.85,79.2%,3.78,13.1%,0
6,Brgy Mati,44.24,0.0%,1.93,4.4%,17.82,40.3%,24.49,55.4%,0
6,Brgy Babalaya,58.32,0.0%,15.11,25.9%,26.23,45.0%,16.98,29.1%,0
6,Brgy Liangan East,216693.22,57.8%,13732.92,6.3%,18620.00,8.6%,184340.31,85.1%,1
6,Brgy Ezperanza,158134.77,42.2%,14239.16,9.0%,10657.31,6.7%,133238.30,84.3%,0
6,Brgy Poblacion,18.23,0.0%,7.35,40.3%,0.80,4.4%,10.08,55.3%,0
6,Brgy Binuni,21.97,0.0%,3.70,16.9%,10.51,47.8%,7.76,35.3%,0
6,Brgy Demologan,28.58,0.0%,2.31,8.1%,22.53,78.8%,3.74,13.1%,0
6,Brgy Mati,44.88,0.0%,1.88,4.2%,17.55,39.1%,25.45,56.7%,0
6,Brgy Babalaya,58.36,0.0%,15.50,26.6%,25.92,44.4%,16.94,29.0%,0
7,Brgy Liangan East,218213.91,58.2%,13611.56,6.2%,18673.51,8.6%,185928.84,85.2%,1
7,Brgy Ezperanza,156612.72,41.8%,14503.03,9.3%,10662.54,6.8%,131447.14,83.9%,0
7,Brgy Poblacion,18.14,0.0%,7.39,40.7%,0.82,4.5%,9.94,54.8%,0
7,Brgy Binuni,22.05,0.0%,3.94,17.9%,10.53,47.7%,7.58,34.4%,0
7,Brgy Demologan,29.20,0.0%,2.32,8.0%,23.22,79.5%,3.65,12.5%,0
7,Brgy Mati,46.15,0.0%,1.74,3.8%,18.17,39.4%,26.24,56.9%,0
7,Brgy Babalaya,57.84,0.0%,15.47,26.7%,25.41,43.9%,16.96,29.3%,0
7,Brgy Liangan East,218207.12,58.2%,13760.04,6.3%,18910.31,8.7%,185536.77,85.0%,1
7,Brgy Ezperanza,156619.11,41.8%,14574.83,9.3%,10726.69,6.8%,131317.59,83.8%,0
7,Brgy Poblacion,18.20,0.0%,7.44,40.9%,0.82,4.5%,9.93,54.6%,0
7,Brgy Binuni,22.05,0.0%,3.93,17.8%,10.53,47.7%,7.59,34.4%,0
7,Brgy Demologan,29.32,0.0%,2.33,7.9%,23.33,79.6%,3.67,12.5%,0
7,Brgy Mati,46.13,0.0%,1.77,3.8%,18.26,39.6%,26.10,56.6%,0
7,Brgy Babalaya,58.07,0.0%,15.46,26.6%,25.51,43.9%,17.11,29.5%,0
7,Brgy Liangan East,217103.27,57.9%,13477.83,6.2%,18979.53,8.7%,184645.91,85.0%,1
7,Brgy Ezperanza,157725.81,42.1%,14328.56,9.1%,10724.57,6.8%,132672.69,84.1%,0
7,Brgy Poblacion,18.21,0.0%,7.28,40.0%,0.81,4.4%,10.11,55.6%,0
7,Brgy Binuni,21.66,0.0%,3.82,17.6%,10.39,48.0%,7.45,34.4%,0
7,Brgy Demologan,28.63,0.0%,2.27,7.9%,22.60,79.0%,3.76,13.1%,0
7,Brgy Mati,45.27,0.0%,1.76,3.9%,17.94,39.6%,25.57,56.5%,0
7,Brgy Babalaya,57.15,0.0%,15.22,26.6%,25.19,44.1%,16.74,29.3%,0
7,Brgy Liangan East,217525.42,58.0%,13481.21,6.2%,18798.36,8.6%,185245.86,85.2%,1
7,Brgy Ezperanza,157302.84,41.9%,14356.34,9.1%,10653.04,6.8%,132293.47,84.1%,0
7,Brgy Poblacion,18.15,0.0%,7.29,40.2%,0.81,4.5%,10.05,55.4%,0
7,Brgy Binuni,21.79,0.0%,3.85,17.7%,10.44,47.9%,7.50,34.4%,0
7,Brgy Demologan,28.86,0.0%,2.28,7.9%,22.86,79.2%,3.72,12.9%,0
7,Brgy Mati,45.58,0.0%,1.75,3.8%,18.03,39.5%,25.81,56.6%,0
7,Brgy Babalaya,57.33,0.0%,15.29,26.7%,25.26,44.1%,16.78,29.3%,0
8,Brgy Liangan East,222893.69,59.4%,12882.94,5.8%,19132.54,8.6%,190878.22,85.6%,1
8,Brgy Ezperanza,151935.00,40.5%,14206.68,9.4%,10172.04,6.7%,127556.27,84.0%,0
8,Brgy Poblacion,18.24,0.0%,7.44,40.8%,0.79,4.3%,10.01,54.9%,0
8,Brgy Binuni,20.89,0.0%,3.91,18.7%,10.10,48.4%,6.88,32.9%,0
8,Brgy Demologan,30.26,0.0%,2.14,7.1%,24.47,80.9%,3.65,12.1%,0
8,Brgy Mati,45.88,0.0%,1.63,3.6%,19.15,41.7%,25.10,54.7%,0
8,Brgy Babalaya,56.05,0.0%,14.49,25.9%,25.11,44.8%,16.44,29.3%,0
8,Brgy Liangan East,220122.73,58.7%,13227.60,6.0%,18839.65,8.6%,188055.48,85.4%,1
8,Brgy Ezperanza,154704.53,41.3%,14513.84,9.4%,10514.15,6.8%,129676.55,83.8%,0
8,Brgy Poblacion,18.08,0.0%,7.35,40.6%,0.82,4.5%,9.92,54.9%,0
8,Brgy Binuni,21.65,0.0%,4.05,18.7%,10.38,47.9%,7.22,33.3%,0
8,Brgy Demologan,29.71,0.0%,2.26,7.6%,23.83,80.2%,3.63,12.2%,0
8,Brgy Mati,46.68,0.0%,1.62,3.5%,18.78,40.2%,26.28,56.3%,0
8,Brgy Babalaya,56.63,0.0%,15.07,26.6%,24.86,43.9%,16.69,29.5%,0
8,Brgy Liangan East,219428.25,58.5%,13743.71,6.3%,19008.81,8.7%,186675.73,85.1%,1
8,Brgy Ezperanza,155396.34,41.4%,14854.75,9.6%,10870.01,7.0%,129671.59,83.4%,0
8,Brgy Poblacion,18.08,0.0%,7.51,41.6%,0.85,4.7%,9.72,53.8%,0
8,Brgy Binuni,22.15,0.0%,4.16,18.8%,10.58,47.8%,7.41,33.4%,0
8,Brgy Demologan,29.84,0.0%,2.35,7.9%,23.90,80.1%,3.58,12.0%,0
8,Brgy Mati,47.47,0.0%,1.67,3.5%,18.85,39.7%,26.95,56.8%,0
8,Brgy Babalaya,57.88,0.0%,15.52,26.8%,25.06,43.3%,17.29,29.9%,0
8,Brgy Liangan East,218547.91,58.3%,13632.80,6.2%,18880.55,8.6%,186034.55,85.1%,1
8,Brgy Ezperanza,156277.53,41.7%,14833.52,9.5%,10821.57,6.9%,130622.45,83.6%,0
8,Brgy Poblacion,18.04,0.0%,7.39,40.9%,0.84,4.7%,9.81,54.4%,0
8,Brgy Binuni,22.22,0.0%,4.18,18.8%,10.57,47.6%,7.47,33.6%,0
8,Brgy Demologan,29.56,0.0%,2.35,8.0%,23.61,79.9%,3.60,12.2%,0
8,Brgy Mati,47.36,0.0%,1.64,3.5%,18.67,39.4%,27.04,57.1%,0
8,Brgy Babalaya,57.38,0.0%,15.50,27.0%,24.81,43.2%,17.07,29.7%,0
9,Brgy Liangan East,221820.89,59.2%,12962.36,5.8%,18602.20,8.4%,190256.33,85.8%,1
9,Brgy Ezperanza,153005.72,40.8%,14668.52,9.6%,10460.83,6.8%,127876.38,83.6%,0
9,Brgy Poblacion,17.92,0.0%,7.31,40.8%,0.82,4.6%,9.78,54.6%,0
9,Brgy Binuni,21.64,0.0%,4.27,19.7%,10.37,47.9%,7.00,32.3%,0
9,Brgy Demologan,30.22,0.0%,2.26,7.5%,24.42,80.8%,3.54,11.7%,0
9,Brgy Mati,47.85,0.0%,1.49,3.1%,19.29,40.3%,27.08,56.6%,0
9,Brgy Babalaya,55.83,0.0%,14.99,26.8%,24.32,43.6%,16.52,29.6%,0
9,Brgy Liangan East,219735.89,58.6%,12534.59,5.7%,18325.12,8.3%,188876.17,86.0%,1
9,Brgy Ezperanza,155094.02,41.4%,14386.12,9.3%,10324.66,6.7%,130383.24,84.1%,0
9,Brgy Poblacion,17.79,0.0%,6.98,39.2%,0.80,4.5%,10.02,56.3%,0
9,Brgy Binuni,21.45,0.0%,4.20,19.6%,10.28,47.9%,6.98,32.5%,0
9,Brgy Demologan,29.29,0.0%,2.21,7.6%,23.46,80.1%,3.62,12.3%,0
9,Brgy Mati,47.11,0.0%,1.43,3.0%,18.78,39.9%,26.91,57.1%,0
9,Brgy Babalaya,54.44,0.0%,14.81,27.2%,23.70,43.5%,15.93,29.3%,0
9,Brgy Liangan East,221792.88,59.1%,12670.43,5.7%,18398.12,8.3%,190724.33,86.0%,1
9,Brgy Ezperanza,153035.25,40.8%,14485.69,9.5%,10292.19,6.7%,128257.37,83.8%,0
9,Brgy Poblacion,17.87,0.0%,7.18,40.2%,0.80,4.5%,9.88,55.3%,0
9,Brgy Binuni,21.45,0.0%,4.23,19.7%,10.28,48.0%,6.93,32.3%,0
9,Brgy Demologan,29.98,0.0%,2.22,7.4%,24.20,80.7%,3.55,11.9%,0
9,Brgy Mati,47.47,0.0%,1.46,3.1%,19.14,40.3%,26.88,56.6%,0
9,Brgy Babalaya,55.09,0.0%,14.81,26.9%,24.10,43.7%,16.18,29.4%,0
9,Brgy Liangan East,220127.88,58.7%,12901.83,5.9%,18321.59,8.3%,188904.45,85.8%,1
9,Brgy Ezperanza,154698.98,41.3%,14694.30,9.5%,10449.17,6.8%,129555.52,83.7%,0
9,Brgy Poblacion,17.78,0.0%,7.13,40.1%,0.82,4.6%,9.84,55.3%,0
9,Brgy Binuni,21.95,0.0%,4.33,19.8%,10.45,47.6%,7.16,32.6%,0
9,Brgy Demologan,29.84,0.0%,2.29,7.7%,24.01,80.5%,3.54,11.9%,0
9,Brgy Mati,48.08,0.0%,1.45,3.0%,19.04,39.6%,27.59,57.4%,0
9,Brgy Babalaya,55.49,0.0%,15.15,27.3%,23.98,43.2%,16.36,29.5%,0
10,Brgy Liangan East,224998.58,60.0%,12521.12,5.6%,18487.41,8.2%,193990.05,86.2%,1
10,Brgy Ezperanza,149827.58,40.0%,14724.50,9.8%,10152.53,6.8%,124950.55,83.4%,0
10,Brgy Poblacion,17.81,0.0%,7.30,41.0%,0.82,4.6%,9.69,54.4%,0
10,Brgy Binuni,21.38,0.0%,4.47,20.9%,10.23,47.8%,6.68,31.2%,0
10,Brgy Demologan,31.20,0.0%,2.21,7.1%,25.55,81.9%,3.45,11.0%,0
10,Brgy Mati,48.81,0.0%,1.36,2.8%,20.09,41.2%,27.36,56.1%,0
10,Brgy Babalaya,54.62,0.0%,14.60,26.7%,23.83,43.6%,16.18,29.6%,0
10,Brgy Liangan East,221790.92,59.1%,12699.18,5.7%,18347.46,8.3%,190744.28,86.0%,1
10,Brgy Ezperanza,153035.41,40.8%,14865.64,9.7%,10452.21,6.8%,127717.55,83.5%,0
10,Brgy Poblacion,17.68,0.0%,7.14,40.4%,0.83,4.7%,9.72,55.0%,0
10,Brgy Binuni,21.85,0.0%,4.54,20.8%,10.41,47.6%,6.90,31.6%,0
10,Brgy Demologan,30.33,0.0%,2.28,7.5%,24.57,81.0%,3.48,11.5%,0
10,Brgy Mati,49.07,0.0%,1.35,2.8%,19.59,39.9%,28.13,57.3%,0
10,Brgy Babalaya,54.72,0.0%,14.99,27.4%,23.48,42.9%,16.25,29.7%,0
10,Brgy Liangan East,222464.31,59.3%,13064.15,5.9%,18704.70,8.4%,190695.45,85.7%,1
10,Brgy Ezperanza,152359.78,40.6%,15115.74,9.9%,10626.39,7.0%,126617.66,83.1%,0
10,Brgy Poblacion,17.78,0.0%,7.36,41.4%,0.85,4.8%,9.58,53.8%,0
10,Brgy Binuni,22.06,0.0%,4.61,20.9%,10.48,47.5%,6.96,31.6%,0
10,Brgy Demologan,30.84,0.0%,2.32,7.5%,25.07,81.3%,3.45,11.2%,0
10,Brgy Mati,49.59,0.0%,1.40,2.8%,19.92,40.2%,28.28,57.0%,0
10,Brgy Babalaya,55.70,0.0%,15.16,27.2%,23.79,42.7%,16.75,30.1%,0
10,Brgy Liangan East,221902.42,59.2%,13080.63,5.9%,18674.27,8.4%,190147.52,85.7%,1
10,Brgy Ezperanza,152921.80,40.8%,15119.05,9.9%,10689.88,7.0%,127112.87,83.1%,0
10,Brgy Poblacion,17.76,0.0%,7.32,41.2%,0.85,4.8%,9.58,54.0%,0
10,Brgy Binuni,22.10,0.0%,4.61,20.9%,10.51,47.5%,6.98,31.6%,0
10,Brgy Demologan,30.64,0.0%,2.33,7.6%,24.85,81.1%,3.46,11.3%,0
10,Brgy Mati,49.58,0.0%,1.40,2.8%,19.80,39.9%,28.38,57.2%,0
10,Brgy Babalaya,55.69,0.0%,15.22,27.3%,23.73,42.6%,16.74,30.1%,0
11,Brgy Liangan East,224682.88,59.9%,12715.28,5.7%,18712.72,8.3%,193254.88,86.0%,1
11,Brgy Ezperanza,150140.81,40.0%,15208.16,10.1%,10451.51,7.0%,124481.13,82.9%,0
11,Brgy Poblacion,17.68,0.0%,7.33,41.5%,0.86,4.8%,9.49,53.7%,0
11,Brgy Binuni,21.87,0.0%,4.82,22.0%,10.38,47.5%,6.67,30.5%,0
11,Brgy Demologan,31.59,0.0%,2.27,7.2%,25.93,82.1%,3.38,10.7%,0
11,Brgy Mati,50.55,0.0%,1.29,2.6%,20.64,40.8%,28.63,56.6%,0
11,Brgy Babalaya,54.62,0.0%,14.86,27.2%,23.28,42.6%,16.49,30.2%,0
11,Brgy Liangan East,225304.33,60.1%,12471.46,5.5%,18191.63,8.1%,194641.25,86.4%,1
11,Brgy Ezperanza,149519.83,39.9%,15081.02,10.1%,10256.39,6.9%,124182.41,83.1%,0
11,Brgy Poblacion,17.56,0.0%,7.23,41.2%,0.84,4.8%,9.49,54.0%,0
11,Brgy Binuni,21.86,0.0%,4.83,22.1%,10.37,47.4%,6.66,30.5%,0
11,Brgy Demologan,31.59,0.0%,2.27,7.2%,25.97,82.2%,3.35,10.6%,0
11,Brgy Mati,50.62,0.0%,1.25,2.5%,20.51,40.5%,28.86,57.0%,0
11,Brgy Babalaya,54.21,0.0%,14.82,27.3%,23.18,42.8%,16.21,29.9%,0
11,Brgy Liangan East,221794.80,59.1%,12987.11,5.9%,18178.53,8.2%,190629.16,85.9%,1
11,Brgy Ezperanza,153027.16,40.8%,15537.10,10.2%,10731.57,7.0%,126758.49,82.8%,0
11,Brgy Poblacion,17.45,0.0%,7.18,41.1%,0.88,5.0%,9.40,53.8%,0
11,Brgy Binuni,22.81,0.0%,5.05,22.1%,10.70,46.9%,7.06,31.0%,0
11,Brgy Demologan,30.99,0.0%,2.41,7.8%,25.24,81.4%,3.34,10.8%,0
11,Brgy Mati,51.71,0.0%,1.26,2.4%,20.16,39.0%,30.29,58.6%,0
11,Brgy Babalaya,55.11,0.0%,15.51,28.2%,22.94,41.6%,16.66,30.2%,0
11,Brgy Liangan East,222544.08,59.3%,12906.29,5.8%,18669.86,8.4%,190967.94,85.8%,1
11,Brgy Ezperanza,152279.64,40.6%,15352.36,10.1%,10743.87,7.1%,126183.41,82.9%,0
11,Brgy Poblacion,17.62,0.0%,7.26,41.2%,0.87,4.9%,9.49,53.9%,0
11,Brgy Binuni,22.20,0.0%,4.87,21.9%,10.51,47.3%,6.82,30.7%,0
11,Brgy Demologan,30.93,0.0%,2.34,7.6%,25.18,81.4%,3.41,11.0%,0
11,Brgy Mati,50.73,0.0%,1.29,2.5%,20.26,39.9%,29.18,57.5%,0
11,Brgy Babalaya,54.83,0.0%,15.15,27.6%,23.06,42.1%,16.61,30.3%,0
12,Brgy Liangan East,224235.81,59.8%,12398.89,5.5%,18209.93,8.1%,193627.00,86.3%,1
12,Brgy Ezperanza,150587.95,40.2%,15416.50,10.2%,10445.16,6.9%,124726.30,82.8%,0
12,Brgy Poblacion,17.39,0.0%,7.08,40.7%,0.86,4.9%,9.45,54.4%,0
12,Brgy Binuni,22.21,0.0%,5.14,23.2%,10.44,47.0%,6.63,29.8%,0
12,Brgy Demologan,31.45,0.0%,2.31,7.3%,25.82,82.1%,3.33,10.6%,0
12,Brgy Mati,51.88,0.0%,1.15,2.2%,20.75,40.0%,29.98,57.8%,0
12,Brgy Babalaya,53.30,0.0%,14.91,28.0%,22.32,41.9%,16.07,30.2%,0
12,Brgy Liangan East,221890.95,59.2%,13168.71,5.9%,18511.08,8.3%,190211.16,85.7%,1
12,Brgy Ezperanza,152929.27,40.8%,15972.70,10.4%,11088.46,7.3%,125868.11,82.3%,0
12,Brgy Poblacion,17.40,0.0%,7.24,41.6%,0.91,5.2%,9.25,53.2%,0
12,Brgy Binuni,23.03,0.0%,5.33,23.1%,10.77,46.8%,6.93,30.1%,0
12,Brgy Demologan,31.27,0.0%,2.47,7.9%,25.49,81.5%,3.31,10.6%,0
12,Brgy Mati,53.03,0.0%,1.21,2.3%,20.67,39.0%,31.16,58.8%,0
12,Brgy Babalaya,54.99,0.0%,15.61,28.4%,22.48,40.9%,16.90,30.7%,0
12,Brgy Liangan East,223154.38,59.5%,12334.48,5.5%,17565.10,7.9%,193254.80,86.6%,1
12,Brgy Ezperanza,151669.09,40.4%,15456.00,10.2%,10448.15,6.9%,125764.95,82.9%,0
12,Brgy Poblacion,17.19,0.0%,6.92,40.3%,0.86,5.0%,9.41,54.7%,0
12,Brgy Binuni,22.62,0.0%,5.25,23.2%,10.59,46.8%,6.78,30.0%,0
12,Brgy Demologan,31.08,0.0%,2.38,7.6%,25.42,81.8%,3.28,10.6%,0
12,Brgy Mati,52.45,0.0%,1.12,2.1%,20.38,38.8%,30.96,59.0%,0
12,Brgy Babalaya,53.19,0.0%,15.19,28.6%,22.09,41.5%,15.91,29.9%,0
12,Brgy Liangan East,224461.72,59.9%,12727.27,5.7%,18368.84,8.2%,193365.61,86.1%,1
12,Brgy Ezperanza,150359.66,40.1%,15662.19,10.4%,10616.75,7.1%,124080.72,82.5%,0
12,Brgy Poblacion,17.42,0.0%,7.24,41.6%,0.88,5.1%,9.30,53.4%,0
12,Brgy Binuni,22.53,0.0%,5.24,23.3%,10.57,46.9%,6.72,29.8%,0
12,Brgy Demologan,31.86,0.0%,2.36,7.4%,26.21,82.3%,3.28,10.3%,0
12,Brgy Mati,52.57,0.0%,1.18,2.2%,20.98,39.9%,30.40,57.8%,0
12,Brgy Babalaya,54.23,0.0%,15.16,28.0%,22.57,41.6%,16.51,30.4%,0
13,Brgy Liangan East,224714.02,59.9%,13132.45,5.8%,18687.28,8.3%,192894.30,85.8%,1
13,Brgy Ezperanza,150103.61,40.0%,16348.16,10.9%,11038.79,7.4%,122716.66,81.8%,0
13,Brgy Poblacion,17.37,0.0%,7.38,42.5%,0.94,5.4%,9.05,52.1%,0
13,Brgy Binuni,23.15,0.0%,5.67,24.5%,10.75,46.4%,6.72,29.0%,0
13,Brgy Demologan,32.53,0.0%,2.47,7.6%,26.85,82.5%,3.21,9.9%,0
13,Brgy Mati,54.64,0.0%,1.14,2.1%,21.67,39.7%,31.83,58.2%,0
13,Brgy Babalaya,54.69,0.0%,15.47,28.3%,22.22,40.6%,17.00,31.1%,0
13,Brgy Liangan East,223351.73,59.6%,12633.63,5.7%,18300.07,8.2%,192418.03,86.2%,1
13,Brgy Ezperanza,151469.62,40.4%,15978.71,10.5%,10815.50,7.1%,124675.41,82.3%,0
13,Brgy Poblacion,17.22,0.0%,7.05,40.9%,0.90,5.2%,9.27,53.8%,0
13,Brgy Binuni,22.84,0.0%,5.55,24.3%,10.63,46.5%,6.66,29.2%,0
13,Brgy Demologan,31.63,0.0%,2.41,7.6%,25.95,82.0%,3.27,10.4%,0
13,Brgy Mati,53.74,0.0%,1.09,2.0%,21.13,39.3%,31.52,58.7%,0
13,Brgy Babalaya,53.24,0.0%,15.22,28.6%,21.72,40.8%,16.31,30.6%,0
13,Brgy Liangan East,226241.02,60.3%,12645.49,5.6%,18517.70,8.2%,195077.83,86.2%,1
13,Brgy Ezperanza,148578.97,39.6%,15941.77,10.7%,10644.76,7.2%,121992.45,82.1%,0
13,Brgy Poblacion,17.34,0.0%,7.29,42.0%,0.90,5.2%,9.15,52.8%,0
13,Brgy Binuni,22.56,0.0%,5.51,24.4%,10.53,46.7%,6.51,28.9%,0
13,Brgy Demologan,32.64,0.0%,2.36,7.2%,27.05,82.9%,3.23,9.9%,0
13,Brgy Mati,53.81,0.0%,1.11,2.1%,21.73,40.4%,30.97,57.5%,0
13,Brgy Babalaya,53.69,0.0%,15.01,28.0%,22.16,41.3%,16.52,30.8%,0
13,Brgy Liangan East,224784.08,59.9%,13628.56,6.1%,19242.33,8.6%,191913.19,85.4%,1
13,Brgy Ezperanza,150031.48,40.0%,16651.50,11.1%,11389.98,7.6%,121990.01,81.3%,0
13,Brgy Poblacion,17.52,0.0%,7.64,43.6%,0.97,5.5%,8.92,50.9%,0
13,Brgy Binuni,23.30,0.0%,5.72,24.5%,10.83,46.5%,6.75,29.0%,0
13,Brgy Demologan,32.84,0.0%,2.52,7.7%,27.11,82.6%,3.21,9.8%,0
13,Brgy Mati,54.96,0.0%,1.20,2.2%,21.94,39.9%,31.83,57.9%,0
13,Brgy Babalaya,55.82,0.0%,15.66,28.1%,22.53,40.4%,17.63,31.6%,0
1,Brgy Liangan East,24619.50,6.6%,5575.00,22.6%,10078.70,40.9%,8965.79,36.4%,0
1,Brgy Ezperanza,25849.15,6.9%,1693.16,6.6%,3827.17,14.8%,20328.82,78.6%,0
1,Brgy Poblacion,187499.97,50.0%,31123.78,16.6%,65956.55,35.2%,90419.64,48.2%,5
1,Brgy Binuni,24796.53,6.6%,1283.51,5.2%,11569.72,46.7%,11943.30,48.2%,0
1,Brgy Demologan,28152.13,7.5%,1927.07,6.8%,13127.91,46.6%,13097.15,46.5%,1
1,Brgy Mati,61427.89,16.4%,30024.29,48.9%,18799.40,30.6%,12604.20,20.5%,1
1,Brgy Babalaya,22654.76,6.0%,10626.00,46.9%,1995.53,8.8%,10033.23,44.3%,0
2,Brgy Liangan East,219614.59,58.6%,15309.08,7.0%,14980.44,6.8%,189325.06,86.2%,1
2,Brgy Ezperanza,155221.22,41.4%,16011.27,10.3%,9657.36,6.2%,129552.59,83.5%,0
2,Brgy Poblacion,18.01,0.0%,6.37,35.4%,0.81,4.5%,10.83,60.1%,0
2,Brgy Binuni,24.48,0.0%,3.51,14.3%,11.05,45.1%,9.92,40.5%,0
2,Brgy Demologan,29.53,0.0%,2.79,9.5%,22.72,76.9%,4.02,13.6%,0
2,Brgy Mati,39.69,0.0%,2.30,5.8%,13.36,33.7%,24.02,60.5%,0
2,Brgy Babalaya,52.48,0.0%,15.37,29.3%,26.33,50.2%,10.77,20.5%,0
3,Brgy Liangan East,212016.12,56.5%,14129.49,6.7%,18967.12,8.9%,178919.53,84.4%,1
3,Brgy Ezperanza,162813.38,43.4%,13209.15,8.1%,10483.12,6.4%,139121.11,85.4%,0
3,Brgy Poblacion,18.56,0.0%,7.29,39.3%,0.74,4.0%,10.54,56.8%,0
3,Brgy Binuni,21.63,0.0%,2.97,13.7%,10.39,48.0%,8.27,38.2%,0
3,Brgy Demologan,27.48,0.0%,2.17,7.9%,21.21,77.2%,4.11,15.0%,0
3,Brgy Mati,41.68,0.0%,2.45,5.9%,16.32,39.1%,22.91,55.0%,0
3,Brgy Babalaya,61.14,0.0%,15.56,25.4%,28.36,46.4%,17.22,28.2%,0
4,Brgy Liangan East,214997.55,57.3%,13186.62,6.1%,18352.45,8.5%,183458.47,85.3%,1
4,Brgy Ezperanza,159835.33,42.6%,13118.24,8.2%,10041.48,6.3%,136675.61,85.5%,0
4,Brgy Poblacion,18.41,0.0%,7.08,38.5%,0.72,3.9%,10.61,57.6%,0
4,Brgy Binuni,21.07,0.0%,3.11,14.8%,10.17,48.3%,7.79,37.0%,0
4,Brgy Demologan,27.61,0.0%,2.11,7.6%,21.51,77.9%,3.99,14.5%,0
4,Brgy Mati,41.75,0.0%,2.11,5.1%,16.56,39.7%,23.08,55.3%,0
4,Brgy Babalaya,58.26,0.0%,14.95,25.7%,27.07,46.5%,16.25,27.9%,0
5,Brgy Liangan East,215604.03,57.5%,13285.58,6.2%,18710.65,8.7%,183607.81,85.2%,1
5,Brgy Ezperanza,159228.44,42.5%,13520.19,8.5%,10317.62,6.5%,135390.62,85.0%,0
5,Brgy Poblacion,18.40,0.0%,7.16,38.9%,0.75,4.1%,10.48,57.0%,0
5,Brgy Binuni,21.15,0.0%,3.31,15.7%,10.21,48.3%,7.63,36.1%,0
5,Brgy Demologan,27.77,0.0%,2.16,7.8%,21.68,78.1%,3.93,14.2%,0
5,Brgy Mati,42.59,0.0%,1.99,4.7%,16.94,39.8%,23.65,55.5%,0
5,Brgy Babalaya,57.63,0.0%,14.96,26.0%,26.30,45.6%,16.37,28.4%,0
6,Brgy Liangan East,216839.52,57.8%,14351.86,6.6%,19472.77,9.0%,183014.89,84.4%,1
6,Brgy Ezperanza,157986.38,42.1%,14502.25,9.2%,11069.90,7.0%,132414.22,83.8%,0
6,Brgy Poblacion,18.45,0.0%,7.67,41.5%,0.83,4.5%,9.96,53.9%,0
6,Brgy Binuni,22.01,0.0%,3.69,16.8%,10.56,48.0%,7.76,35.2%,0
6,Brgy Demologan,28.87,0.0%,2.34,8.1%,22.75,78.8%,3.77,13.1%,0
6,Brgy Mati,45.03,0.0%,2.01,4.5%,17.83,39.6%,25.19,55.9%,0
6,Brgy Babalaya,59.75,0.0%,15.65,26.2%,26.42,44.2%,17.68,29.6%,0
7,Brgy Liangan East,219259.19,58.5%,13431.71,6.1%,18803.74,8.6%,187023.75,85.3%,1
7,Brgy Ezperanza,155568.55,41.5%,14291.14,9.2%,10553.04,6.8%,130724.36,84.0%,0
7,Brgy Poblacion,18.19,0.0%,7.42,40.8%,0.80,4.4%,9.97,54.8%,0
7,Brgy Binuni,21.60,0.0%,3.83,17.7%,10.39,48.1%,7.38,34.1%,0
7,Brgy Demologan,29.27,0.0%,2.26,7.7%,23.33,79.7%,3.68,12.6%,0
7,Brgy Mati,45.61,0.0%,1.76,3.9%,18.25,40.0%,25.60,56.1%,0
7,Brgy Babalaya,57.59,0.0%,15.19,26.4%,25.55,44.4%,16.85,29.3%,0
8,Brgy Liangan East,218667.19,58.3%,13444.91,6.1%,18592.31,8.5%,186629.97,85.3%,1
8,Brgy Ezperanza,156159.06,41.6%,14713.02,9.4%,10727.64,6.9%,130718.40,83.7%,0
8,Brgy Poblacion,17.98,0.0%,7.30,40.6%,0.83,4.6%,9.85,54.8%,0
8,Brgy Binuni,22.12,0.0%,4.15,18.8%,10.55,47.7%,7.42,33.5%,0
8,Brgy Demologan,29.43,0.0%,2.34,8.0%,23.49,79.8%,3.60,12.2%,0
8,Brgy Mati,47.22,0.0%,1.62,3.4%,18.55,39.3%,27.06,57.3%,0
8,Brgy Babalaya,57.01,0.0%,15.44,27.1%,24.74,43.4%,16.83,29.5%,0
9,Brgy Liangan East,223069.02,59.5%,12866.91,5.8%,18551.97,8.3%,191650.14,85.9%,1
9,Brgy Ezperanza,151757.31,40.5%,14615.19,9.6%,10327.40,6.8%,126814.73,83.6%,0
9,Brgy Poblacion,17.92,0.0%,7.36,41.1%,0.82,4.6%,9.74,54.3%,0
9,Brgy Binuni,21.52,0.0%,4.27,19.8%,10.33,48.0%,6.93,32.2%,0
9,Brgy Demologan,30.56,0.0%,2.24,7.3%,24.81,81.2%,3.51,11.5%,0
9,Brgy Mati,47.88,0.0%,1.49,3.1%,19.46,40.6%,26.93,56.2%,0
9,Brgy Babalaya,55.79,0.0%,14.88,26.7%,24.42,43.8%,16.49,29.6%,0
10,Brgy Liangan East,220400.47,58.8%,13360.78,6.1%,18356.23,8.3%,188683.45,85.6%,1
10,Brgy Ezperanza,154421.95,41.2%,15406.58,10.0%,10936.10,7.1%,128079.27,82.9%,0
10,Brgy Poblacion,17.64,0.0%,7.30,41.4%,0.87,5.0%,9.47,53.7%,0
10,Brgy Binuni,22.75,0.0%,4.77,21.0%,10.74,47.2%,7.24,31.8%,0
10,Brgy Demologan,30.41,0.0%,2.44,8.0%,24.56,80.8%,3.41,11.2%,0
10,Brgy Mati,50.47,0.0%,1.39,2.8%,19.57,38.8%,29.51,58.5%,0
10,Brgy Babalaya,56.28,0.0%,15.71,27.9%,23.61,42.0%,16.96,30.1%,0
11,Brgy Liangan East,225276.95,60.1%,12663.75,5.6%,18784.85,8.3%,193828.36,86.0%,1
11,Brgy Ezperanza,149546.95,39.9%,15144.86,10.1%,10408.27,7.0%,123993.83,82.9%,0
11,Brgy Poblacion,17.71,0.0%,7.37,41.6%,0.85,4.8%,9.49,53.6%,0
11,Brgy Binuni,21.72,0.0%,4.79,22.0%,10.33,47.6%,6.60,30.4%,0
11,Brgy Demologan,31.69,0.0%,2.25,7.1%,26.06,82.2%,3.38,10.7%,0
11,Brgy Mati,50.41,0.0%,1.29,2.6%,20.72,41.1%,28.39,56.3%,0
11,Brgy Babalaya,54.59,0.0%,14.76,27.0%,23.34,42.8%,16.49,30.2%,0
12,Brgy Liangan East,224578.70,59.9%,12851.77,5.7%,18503.57,8.2%,193223.36,86.0%,1
12,Brgy Ezperanza,150241.83,40.1%,15722.69,10.5%,10706.19,7.1%,123812.95,82.4%,0
12,Brgy Poblacion,17.44,0.0%,7.32,41.9%,0.89,5.1%,9.24,52.9%,0
12,Brgy Binuni,22.58,0.0%,5.26,23.3%,10.60,46.9%,6.73,29.8%,0
12,Brgy Demologan,32.00,0.0%,2.38,7.4%,26.35,82.3%,3.28,10.2%,0
12,Brgy Mati,52.77,0.0%,1.20,2.3%,21.10,40.0%,30.48,57.8%,0
12,Brgy Babalaya,54.65,0.0%,15.24,27.9%,22.69,41.5%,16.72,30.6%,0
13,Brgy Liangan East,225628.52,60.2%,13201.23,5.9%,18805.94,8.3%,193621.34,85.8%,1
13,Brgy Ezperanza,149188.50,39.8%,16374.69,11.0%,11061.72,7.4%,121752.09,81.6%,0
13,Brgy Poblacion,17.43,0.0%,7.50,43.0%,0.94,5.4%,8.99,51.6%,0
13,Brgy Binuni,23.07,0.0%,5.67,24.6%,10.73,46.5%,6.67,28.9%,0
13,Brgy Demologan,32.83,0.0%,2.47,7.5%,27.17,82.8%,3.19,9.7%,0
13,Brgy Mati,54.69,0.0%,1.16,2.1%,21.85,40.0%,31.68,57.9%,0
13,Brgy Babalaya,54.98,0.0%,15.44,28.1%,22.39,40.7%,17.15,31.2%,0
1,Brgy Liangan East,24936.69,6.6%,5798.83,23.3%,10602.23,42.5%,8535.63,34.2%,0
1,Brgy Ezperanza,26678.84,7.1%,1739.37,6.5%,4084.84,15.3%,20854.63,78.2%,0
1,Brgy Poblacion,187500.00,50.0%,32786.55,17.5%,63972.70,34.1%,90740.74,48.4%,5
1,Brgy Binuni,25309.50,6.7%,1324.92,5.2%,11729.84,46.3%,12254.74,48.4%,0
1,Brgy Demologan,27816.15,7.4%,1993.50,7.2%,12232.94,44.0%,13589.71,48.9%,1
1,Brgy Mati,60256.50,16.1%,29269.48,48.6%,17983.41,29.8%,13003.61,21.6%,1
1,Brgy Babalaya,22502.32,6.0%,10268.91,45.6%,2119.50,9.4%,10113.92,44.9%,0
1,Brgy Liangan East,24997.59,6.7%,5741.55,23.0%,10602.51,42.4%,8653.53,34.6%,0
1,Brgy Ezperanza,26141.75,7.0%,1720.06,6.6%,3965.35,15.2%,20456.34,78.3%,0
1,Brgy Poblacion,187500.00,50.0%,32064.24,17.1%,65078.16,34.7%,90357.60,48.2%,5
1,Brgy Binuni,24844.55,6.6%,1305.02,5.3%,11622.39,46.8%,11917.14,48.0%,0
1,Brgy Demologan,28115.29,7.5%,1938.65,6.9%,12752.63,45.4%,13424.01,47.7%,1
1,Brgy Mati,60815.48,16.2%,29575.13,48.6%,18469.64,30.4%,12770.72,21.0%,1
1,Brgy Babalaya,22585.32,6.0%,10478.03,46.4%,2092.97,9.3%,10014.32,44.3%,0
1,Brgy Liangan East,24870.26,6.6%,5425.15,21.8%,10192.88,41.0%,9252.24,37.2%,0
1,Brgy Ezperanza,25598.43,6.8%,1680.35,6.6%,3648.43,14.3%,20269.65,79.2%,0
1,Brgy Poblacion,187500.02,50.0%,31581.23,16.8%,67644.48,36.1%,88274.30,47.1%,5
1,Brgy Binuni,24535.65,6.5%,1312.08,5.3%,11637.71,47.4%,11585.87,47.2%,0
1,Brgy Demologan,29058.68,7.7%,1852.13,6.4%,14103.00,48.5%,13103.55,45.1%,1
1,Brgy Mati,60616.55,16.2%,28059.04,46.3%,19592.54,32.3%,12964.97,21.4%,1
1,Brgy Babalaya,22820.44,6.1%,10684.53,46.8%,1969.34,8.6%,10166.57,44.6%,0
1,Brgy Liangan East,24634.48,6.6%,5523.20,22.4%,9975.35,40.5%,9135.93,37.1%,0
1,Brgy Ezperanza,25812.08,6.9%,1706.22,6.6%,3735.81,14.5%,20370.05,78.9%,0
1,Brgy Poblacion,187500.00,50.0%,32146.35,17.1%,66218.05,35.3%,89135.62,47.5%,5
1,Brgy Binuni,25219.20,6.7%,1359.87,5.4%,11856.48,47.0%,12002.85,47.6%,0
1,Brgy Demologan,28582.29,7.6%,1947.32,6.8%,13835.66,48.4%,12799.31,44.8%,1
1,Brgy Mati,60551.14,16.1%,27829.08,46.0%,19256.45,31.8%,13465.61,22.2%,1
1,Brgy Babalaya,22700.80,6.1%,10691.65,47.1%,2011.01,8.9%,9998.15,44.0%,0
2,Brgy Liangan East,225182.91,60.0%,14711.20,6.5%,15056.59,6.7%,195415.12,86.8%,1
2,Brgy Ezperanza,149648.64,39.9%,15663.97,10.5%,8863.87,5.9%,125120.80,83.6%,0
2,Brgy Poblacion,17.87,0.0%,6.52,36.5%,0.79,4.4%,10.56,59.1%,0
2,Brgy Binuni,24.03,0.0%,3.63,15.1%,11.10,46.2%,9.30,38.7%,0
2,Brgy Demologan,32.18,0.0%,2.62,8.2%,25.72,79.9%,3.84,11.9%,0
2,Brgy Mati,41.55,0.0%,2.06,5.0%,14.24,34.3%,25.25,60.8%,0
2,Brgy Babalaya,52.83,0.0%,15.51,29.3%,26.92,51.0%,10.40,19.7%,0
2,Brgy Liangan East,223258.03,59.5%,14915.80,6.7%,15366.97,6.9%,192975.27,86.4%,1
2,Brgy Ezperanza,151572.45,40.4%,15634.90,10.3%,9033.15,6.0%,126904.41,83.7%,0
2,Brgy Poblacion,17.88,0.0%,6.54,36.6%,0.80,4.5%,10.53,58.9%,0
2,Brgy Binuni,24.21,0.0%,3.62,14.9%,11.18,46.2%,9.41,38.9%,0
2,Brgy Demologan,31.96,0.0%,2.62,8.2%,25.45,79.6%,3.89,12.2%,0
2,Brgy Mati,41.90,0.0%,2.10,5.0%,14.33,34.2%,25.46,60.8%,0
2,Brgy Babalaya,53.60,0.0%,15.77,29.4%,27.10,50.6%,10.73,20.0%,0
2,Brgy Liangan East,222951.12,59.5%,15534.01,7.0%,15652.42,7.0%,191764.69,86.0%,1
2,Brgy Ezperanza,151876.92,40.5%,16003.25,10.5%,9399.54,6.2%,126474.13,83.3%,0
2,Brgy Poblacion,17.94,0.0%,6.77,37.7%,0.83,4.6%,10.35,57.7%,0
2,Brgy Binuni,24.63,0.0%,3.70,15.0%,11.33,46.0%,9.59,38.9%,0
2,Brgy Demologan,32.03,0.0%,2.73,8.5%,25.46,79.5%,3.84,12.0%,0
2,Brgy Mati,42.53,0.0%,2.19,5.1%,14.41,33.9%,25.94,61.0%,0
2,Brgy Babalaya,54.79,0.0%,16.15,29.5%,27.37,50.0%,11.27,20.6%,0
2,Brgy Liangan East,223438.66,59.6%,14729.37,6.6%,15458.79,6.9%,193250.50,86.5%,1
2,Brgy Ezperanza,151393.94,40.4%,15507.25,10.2%,9015.52,6.0%,126871.17,83.8%,0
2,Brgy Poblacion,17.97,0.0%,6.51,36.2%,0.79,4.4%,10.67,59.4%,0
2,Brgy Binuni,23.79,0.0%,3.55,14.9%,11.02,46.3%,9.22,38.8%,0
2,Brgy Demologan,31.58,0.0%,2.58,8.2%,25.06,79.4%,3.94,12.5%,0
2,Brgy Mati,41.17,0.0%,2.10,5.1%,14.18,34.4%,24.89,60.5%,0
2,Brgy Babalaya,52.94,0.0%,15.46,29.2%,26.90,50.8%,10.58,20.0%,0
3,Brgy Liangan East,54.12,0.0%,4.10,7.6%,4.77,8.8%,45.25,83.6%,0
3,Brgy Ezperanza,374461.78,99.9%,36621.93,9.8%,24283.75,6.5%,313556.09,83.7%,2
3,Brgy Poblacion,44.18,0.0%,19.77,44.8%,2.21,5.0%,22.19,50.2%,0
3,Brgy Binuni,59.99,0.0%,9.26,15.4%,29.05,48.4%,21.67,36.1%,0
3,Brgy Demologan,89.95,0.0%,5.86,6.5%,75.33,83.7%,8.75,9.7%,0
3,Brgy Mati,123.63,0.0%,5.69,4.6%,47.73,38.6%,70.21,56.8%,0
3,Brgy Babalaya,166.39,0.0%,45.05,27.1%,77.30,46.5%,44.05,26.5%,0
3,Brgy Liangan East,53.42,0.0%,4.08,7.6%,4.70,8.8%,44.64,83.6%,0
3,Brgy Ezperanza,374467.06,99.9%,36511.70,9.8%,24345.66,6.5%,313609.72,83.7%,2
3,Brgy Poblacion,43.71,0.0%,19.42,44.4%,2.21,5.0%,22.08,50.5%,0
3,Brgy Binuni,60.04,0.0%,9.29,15.5%,28.96,48.2%,21.79,36.3%,0
3,Brgy Demologan,88.03,0.0%,5.90,6.7%,73.43,83.4%,8.70,9.9%,0
3,Brgy Mati,122.92,0.0%,5.58,4.5%,46.81,38.1%,70.53,57.4%,0
3,Brgy Babalaya,164.81,0.0%,45.07,27.3%,76.00,46.1%,43.75,26.5%,0
3,Brgy Liangan East,53.63,0.0%,4.14,7.7%,4.74,8.8%,44.75,83.4%,0
3,Brgy Ezperanza,374462.88,99.9%,36861.81,9.8%,24521.86,6.5%,313079.22,83.6%,2
3,Brgy Poblacion,43.85,0.0%,19.66,44.8%,2.24,5.1%,21.95,50.1%,0
3,Brgy Binuni,60.52,0.0%,9.38,15.5%,29.20,48.2%,21.95,36.3%,0
3,Brgy Demologan,89.00,0.0%,5.97,6.7%,74.36,83.6%,8.67,9.7%,0
3,Brgy Mati,123.83,0.0%,5.66,4.6%,47.22,38.1%,70.95,57.3%,0
3,Brgy Babalaya,166.25,0.0%,45.44,27.3%,76.53,46.0%,44.28,26.6%,0
3,Brgy Liangan East,53.07,0.0%,4.05,7.6%,4.61,8.7%,44.40,83.7%,0
3,Brgy Ezperanza,374469.28,99.9%,36489.97,9.7%,24239.04,6.5%,313740.28,83.8%,2
3,Brgy Poblacion,43.29,0.0%,19.10,44.1%,2.20,5.1%,22.00,50.8%,0
3,Brgy Binuni,60.41,0.0%,9.37,15.5%,29.04,48.1%,21.99,36.4%,0
3,Brgy Demologan,87.24,0.0%,5.96,6.8%,72.66,83.3%,8.63,9.9%,0
3,Brgy Mati,123.05,0.0%,5.46,4.4%,46.24,37.6%,71.35,58.0%,0
3,Brgy Babalaya,163.63,0.0%,45.26,27.7%,75.14,45.9%,43.22,26.4%,0
4,Brgy Liangan East,35731.50,9.5%,2632.99,7.4%,3430.63,9.6%,29667.87,83.0%,0
4,Brgy Ezperanza,22048.37,5.9%,2330.53,10.6%,1335.87,6.1%,18381.96,83.4%,0
4,Brgy Poblacion,27918.80,7.4%,12547.28,44.9%,1481.72,5.3%,13889.80,49.8%,0
4,Brgy Binuni,36691.43,9.8%,5881.30,16.0%,18280.25,49.8%,12529.87,34.1%,1
4,Brgy Demologan,103500.88,27.6%,26638.54,25.7%,51725.30,50.0%,25137.05,24.3%,4
4,Brgy Mati,81546.97,21.7%,3433.83,4.2%,34924.66,42.8%,43188.48,53.0%,2
4,Brgy Babalaya,67562.04,18.0%,3192.66,4.7%,58406.61,86.4%,5962.77,8.8%,4
4,Brgy Liangan East,34830.70,9.3%,2774.85,8.0%,3428.95,9.8%,28626.90,82.2%,0
4,Brgy Ezperanza,21743.76,5.8%,2392.53,11.0%,1385.05,6.4%,17966.18,82.6%,0
4,Brgy Poblacion,27456.25,7.3%,12732.36,46.4%,1561.94,5.7%,13161.95,47.9%,0
4,Brgy Binuni,37503.20,10.0%,6056.12,16.1%,18559.35,49.5%,12887.73,34.4%,1
4,Brgy Demologan,66799.41,17.8%,3371.13,5.0%,57688.07,86.4%,5740.21,8.6%,4
4,Brgy Mati,82055.48,21.9%,3542.00,4.3%,34390.28,41.9%,44123.21,53.8%,2
4,Brgy Babalaya,104611.16,27.9%,27422.98,26.2%,51248.94,49.0%,25939.24,24.8%,4
4,Brgy Liangan East,34287.96,9.1%,2808.94,8.2%,3400.34,9.9%,28078.68,81.9%,0
4,Brgy Ezperanza,21979.88,5.9%,2405.72,10.9%,1411.60,6.4%,18162.56,82.6%,0
4,Brgy Poblacion,27207.52,7.3%,12586.60,46.3%,1581.42,5.8%,13039.49,47.9%,0
4,Brgy Binuni,38245.56,10.2%,6170.76,16.1%,18779.70,49.1%,13295.10,34.8%,1
4,Brgy Demologan,65316.58,17.4%,3460.72,5.3%,56152.84,86.0%,5703.02,8.7%,4
4,Brgy Mati,82723.53,22.1%,3520.81,4.3%,33839.20,40.9%,45363.52,54.8%,2
4,Brgy Babalaya,105238.97,28.1%,28101.81,26.7%,50757.52,48.2%,26379.64,25.1%,4
4,Brgy Liangan East,34666.73,9.2%,2797.51,8.1%,3460.41,10.0%,28408.81,81.9%,0
4,Brgy Ezperanza,21714.46,5.8%,2395.47,11.0%,1391.53,6.4%,17927.46,82.6%,0
4,Brgy Poblacion,27462.98,7.3%,12805.47,46.6%,1573.09,5.7%,13084.41,47.6%,0
4,Brgy Binuni,37514.02,10.0%,6047.50,16.1%,18534.61,49.4%,12931.90,34.5%,1
4,Brgy Demologan,66716.88,17.8%,3370.29,5.1%,57615.26,86.4%,5731.32,8.6%,4
4,Brgy Mati,81969.73,21.9%,3592.23,4.4%,34427.45,42.0%,43950.06,53.6%,2
4,Brgy Babalaya,104955.20,28.0%,27459.43,26.2%,51307.95,48.9%,26187.82,25.0%,4
5,Brgy Liangan East,35807.61,9.5%,2596.81,7.3%,3104.11,8.7%,30106.69,84.1%,0
5,Brgy Ezperanza,20977.31,5.6%,2469.74,11.8%,1271.07,6.1%,17236.50,82.2%,0
5,Brgy Poblacion,26820.31,7.2%,12136.52,45.3%,1542.91,5.8%,13140.88,49.0%,0
5,Brgy Binuni,38086.22,10.2%,6823.02,17.9%,18757.04,49.2%,12506.16,32.8%,1
5,Brgy Demologan,97397.28,26.0%,27032.46,27.8%,48446.42,49.7%,21918.40,22.5%,4
5,Brgy Mati,84451.26,22.5%,2833.46,3.4%,34320.59,40.6%,47297.21,56.0%,2
5,Brgy Babalaya,71460.01,19.1%,3467.66,4.9%,62632.70,87.6%,5359.64,7.5%,5
5,Brgy Liangan East,35278.61,9.4%,2694.23,7.6%,3167.67,9.0%,29416.71,83.4%,0
5,Brgy Ezperanza,20849.98,5.6%,2507.25,12.0%,1305.34,6.3%,17037.39,81.7%,0
5,Brgy Poblacion,26767.95,7.1%,12351.94,46.1%,1598.11,6.0%,12817.90,47.9%,0
5,Brgy Binuni,38389.78,10.2%,6875.89,17.9%,18824.75,49.0%,12689.14,33.1%,1
5,Brgy Demologan,70955.21,18.9%,3542.45,5.0%,62094.22,87.5%,5318.54,7.5%,5
5,Brgy Mati,84412.33,22.5%,2950.70,3.5%,34129.31,40.4%,47332.32,56.1%,2
5,Brgy Babalaya,98346.14,26.2%,27353.82,27.8%,48518.41,49.3%,22473.91,22.9%,4
5,Brgy Liangan East,35370.28,9.4%,2668.76,7.5%,3096.16,8.8%,29605.36,83.7%,0
5,Brgy Ezperanza,21073.82,5.6%,2504.08,11.9%,1300.77,6.2%,17268.97,81.9%,0
5,Brgy Poblacion,26669.13,7.1%,12124.35,45.5%,1580.93,5.9%,12963.85,48.6%,0
5,Brgy Binuni,38687.73,10.3%,6935.67,17.9%,18899.60,48.9%,12852.47,33.2%,1
5,Brgy Demologan,70314.47,18.8%,3576.97,5.1%,61391.11,87.3%,5346.39,7.6%,5
5,Brgy Mati,84721.45,22.6%,2874.39,3.4%,33777.00,39.9%,48070.06,56.7%,2
5,Brgy Babalaya,98163.14,26.2%,27444.59,28.0%,48307.48,49.2%,22411.06,22.8%,4
5,Brgy Liangan East,35733.66,9.5%,2628.05,7.4%,3138.56,8.8%,29967.05,83.9%,0
5,Brgy Ezperanza,20974.06,5.6%,2487.27,11.9%,1285.85,6.1%,17200.94,82.0%,0
5,Brgy Poblacion,26882.89,7.2%,12227.14,45.5%,1564.12,5.8%,13091.63,48.7%,0
5,Brgy Binuni,38198.25,10.2%,6846.97,17.9%,18797.57,49.2%,12553.71,32.9%,1
5,Brgy Demologan,97589.89,26.0%,27126.95,27.8%,48445.33,49.6%,22017.62,22.6%,4
5,Brgy Mati,84401.45,22.5%,2871.80,3.4%,34212.02,40.5%,47317.62,56.1%,2
5,Brgy Babalaya,71219.84,19.0%,3498.01,4.9%,62349.24,87.5%,5372.59,7.5%,5
6,Brgy Liangan East,34952.37,9.3%,2592.92,7.4%,3055.73,8.7%,29303.71,83.8%,0
6,Brgy Ezperanza,20670.88,5.5%,2509.20,12.1%,1269.58,6.1%,16892.11,81.7%,0
6,Brgy Poblacion,26021.59,6.9%,11838.27,45.5%,1601.59,6.2%,12581.73,48.4%,0
6,Brgy Binuni,38775.88,10.3%,7423.93,19.1%,18945.24,48.9%,12406.71,32.0%,1
6,Brgy Demologan,95530.53,25.5%,27612.12,28.9%,46243.59,48.4%,21674.82,22.7%,3
6,Brgy Mati,87501.57,23.3%,2500.85,2.9%,34369.40,39.3%,50631.32,57.9%,2
6,Brgy Babalaya,71547.16,19.1%,3551.17,5.0%,62876.86,87.9%,5119.13,7.2%,5
6,Brgy Liangan East,34984.78,9.3%,2588.04,7.4%,3092.64,8.8%,29304.10,83.8%,0
6,Brgy Ezperanza,20834.17,5.6%,2506.86,12.0%,1277.39,6.1%,17049.93,81.8%,0
6,Brgy Poblacion,26104.43,7.0%,11770.91,45.1%,1598.75,6.1%,12734.78,48.8%,0
6,Brgy Binuni,38785.68,10.3%,7369.32,19.0%,19014.44,49.0%,12401.92,32.0%,1
6,Brgy Demologan,95385.81,25.4%,27749.14,29.1%,46225.16,48.5%,21411.51,22.4%,3
6,Brgy Mati,87579.94,23.4%,2513.31,2.9%,34391.26,39.3%,50675.37,57.9%,2
6,Brgy Babalaya,71325.17,19.0%,3526.10,4.9%,62593.58,87.8%,5205.49,7.3%,5
6,Brgy Liangan East,34683.81,9.2%,2568.01,7.4%,2937.38,8.5%,29178.42,84.1%,0
6,Brgy Ezperanza,20574.87,5.5%,2505.02,12.2%,1258.51,6.1%,16811.33,81.7%,0
6,Brgy Poblacion,95321.18,25.4%,28052.03,29.4%,45753.17,48.0%,21515.98,22.6%,3
6,Brgy Binuni,39324.60,10.5%,7594.96,19.3%,19123.05,48.6%,12606.59,32.1%,1
6,Brgy Demologan,70977.53,18.9%,3631.29,5.1%,62377.00,87.9%,4969.24,7.0%,5
6,Brgy Mati,88511.22,23.6%,2407.64,2.7%,33862.15,38.3%,52241.43,59.0%,2
6,Brgy Babalaya,25606.77,6.8%,11666.56,45.6%,1590.90,6.2%,12349.32,48.2%,0
6,Brgy Liangan East,34326.58,9.2%,2661.40,7.8%,3051.30,8.9%,28613.88,83.4%,0
6,Brgy Ezperanza,20518.34,5.5%,2538.83,12.4%,1292.18,6.3%,16687.33,81.3%,0
6,Brgy Poblacion,25732.86,6.9%,11885.93,46.2%,1642.85,6.4%,12204.08,47.4%,0
6,Brgy Binuni,39328.40,10.5%,7542.41,19.2%,19124.30,48.6%,12661.69,32.2%,1
6,Brgy Demologan,70960.95,18.9%,3649.03,5.1%,62298.55,87.8%,5013.38,7.1%,5
6,Brgy Mati,88049.95,23.5%,2543.68,2.9%,33985.63,38.6%,51520.64,58.5%,2
6,Brgy Babalaya,96082.93,25.6%,28192.46,29.3%,45986.63,47.9%,21903.84,22.8%,3
7,Brgy Liangan East,93344.34,24.9%,27555.75,29.5%,44581.10,47.8%,21207.49,22.7%,3
7,Brgy Ezperanza,19676.42,5.2%,2506.81,12.7%,1225.60,6.2%,15944.01,81.0%,0
7,Brgy Poblacion,25205.12,6.7%,11826.77,46.9%,1628.40,6.5%,11749.95,46.6%,0
7,Brgy Binuni,38499.33,10.3%,7928.16,20.6%,18780.51,48.8%,11790.66,30.6%,1
7,Brgy Demologan,73859.77,19.7%,3519.20,4.8%,65614.39,88.8%,4726.17,6.4%,5
7,Brgy Mati,90119.22,24.0%,2217.03,2.5%,35086.48,38.9%,52815.70,58.6%,2
7,Brgy Babalaya,34295.78,9.1%,2538.91,7.4%,2988.86,8.7%,28768.00,83.9%,0
7,Brgy Liangan East,34495.55,9.2%,2499.07,7.2%,3017.89,8.7%,28978.60,84.0%,0
7,Brgy Ezperanza,19415.62,5.2%,2456.38,12.7%,1203.42,6.2%,15755.83,81.2%,0
7,Brgy Poblacion,25292.23,6.7%,11988.54,47.4%,1595.07,6.3%,11708.62,46.3%,0
7,Brgy Binuni,37588.69,10.0%,7694.08,20.5%,18503.15,49.2%,11391.46,30.3%,1
7,Brgy Demologan,75051.74,20.0%,3384.25,4.5%,66944.95,89.2%,4722.54,6.3%,5
7,Brgy Mati,89553.30,23.9%,2245.71,2.5%,35787.14,40.0%,51520.45,57.5%,2
7,Brgy Babalaya,93602.88,25.0%,27063.59,28.9%,45220.53,48.3%,21318.76,22.8%,3
7,Brgy Liangan East,35469.09,9.5%,2625.83,7.4%,2856.21,8.1%,29987.05,84.5%,0
7,Brgy Ezperanza,19819.09,5.3%,2742.69,13.8%,1231.54,6.2%,15844.87,79.9%,0
7,Brgy Poblacion,25429.50,6.8%,11461.11,45.1%,1718.81,6.8%,12249.58,48.2%,0
7,Brgy Binuni,40329.01,10.8%,8587.23,21.3%,19361.02,48.0%,12380.76,30.7%,1
7,Brgy Demologan,75929.28,20.2%,3892.19,5.1%,67205.83,88.5%,4831.26,6.4%,5
7,Brgy Mati,88680.58,23.6%,27456.61,31.0%,43235.64,48.8%,17988.33,20.3%,3
7,Brgy Babalaya,89343.48,23.8%,2135.78,2.4%,33252.27,37.2%,53955.43,60.4%,2
7,Brgy Liangan East,34802.71,9.3%,2431.20,7.0%,2969.64,8.5%,29401.88,84.5%,0
7,Brgy Ezperanza,92561.44,24.7%,27242.24,29.4%,44720.51,48.3%,20598.69,22.3%,3
7,Brgy Poblacion,25303.59,6.7%,11583.89,45.8%,1558.24,6.2%,12161.46,48.1%,0
7,Brgy Binuni,37985.96,10.1%,7739.80,20.4%,18685.21,49.2%,11560.95,30.4%,1
7,Brgy Demologan,74335.69,19.8%,3375.11,4.5%,66121.13,88.9%,4839.44,6.5%,5
7,Brgy Mati,90118.41,24.0%,2149.21,2.4%,35510.29,39.4%,52458.91,58.2%,2
7,Brgy Babalaya,19892.21,5.3%,2445.91,12.3%,1192.27,6.0%,16254.02,81.7%,0
8,Brgy Liangan East,34087.80,9.1%,2491.96,7.3%,2897.76,8.5%,28698.08,84.2%,0
8,Brgy Ezperanza,18739.58,5.0%,2554.14,13.6%,1165.42,6.2%,15020.02,80.2%,0
8,Brgy Poblacion,24430.89,6.5%,11571.35,47.4%,1661.98,6.8%,11197.56,45.8%,0
8,Brgy Binuni,38495.27,10.3%,8495.78,22.1%,18722.95,48.6%,11276.55,29.3%,1
8,Brgy Demologan,77926.17,20.8%,3504.60,4.5%,69967.27,89.8%,4454.29,5.7%,5
8,Brgy Mati,89229.38,23.8%,27198.20,30.5%,42740.63,47.9%,19290.55,21.6%,3
8,Brgy Babalaya,92090.89,24.6%,1958.61,2.1%,35557.71,38.6%,54574.57,59.3%,2
8,Brgy Liangan East,34466.06,9.2%,2360.47,6.8%,2955.95,8.6%,29149.63,84.6%,0
8,Brgy Ezperanza,18894.93,5.0%,2420.42,12.8%,1133.24,6.0%,15341.27,81.2%,0
8,Brgy Poblacion,24689.63,6.6%,11597.22,47.0%,1563.94,6.3%,11528.47,46.7%,0
8,Brgy Binuni,37132.12,9.9%,8042.29,21.7%,18309.08,49.3%,10780.76,29.0%,1
8,Brgy Demologan,91842.40,24.5%,1937.99,2.1%,36750.16,40.0%,53154.24,57.9%,3
8,Brgy Mati,77778.27,20.7%,3235.71,4.2%,69978.30,90.0%,4564.26,5.9%,5
8,Brgy Babalaya,90196.58,24.1%,26602.90,29.5%,43596.04,48.3%,19997.63,22.2%,3
8,Brgy Liangan East,34463.80,9.2%,2413.09,7.0%,2851.68,8.3%,29199.04,84.7%,0
8,Brgy Ezperanza,18748.80,5.0%,2512.81,13.4%,1138.55,6.1%,15097.45,80.5%,0
8,Brgy Poblacion,24448.31,6.5%,11477.64,46.9%,1612.51,6.6%,11358.16,46.5%,0
8,Brgy Binuni,38166.45,10.2%,8431.41,22.1%,18627.63,48.8%,11107.40,29.1%,1
8,Brgy Demologan,92154.98,24.6%,1897.32,2.1%,35716.11,38.8%,54541.56,59.2%,2
8,Brgy Mati,78286.03,20.9%,3434.21,4.4%,70393.88,89.9%,4457.95,5.7%,5
8,Brgy Babalaya,88731.66,23.7%,26932.41,30.4%,42800.42,48.2%,18998.83,21.4%,3
8,Brgy Liangan East,93955.99,25.1%,1900.43,2.0%,35472.07,37.8%,56583.48,60.2%,2
8,Brgy Ezperanza,19197.29,5.1%,2486.77,13.0%,1179.28,6.1%,15531.24,80.9%,0
8,Brgy Poblacion,24147.01,6.4%,11301.30,46.8%,1622.22,6.7%,11223.50,46.5%,0
8,Brgy Binuni,38887.27,10.4%,8485.55,21.8%,18884.69,48.6%,11517.03,29.6%,1
8,Brgy Demologan,74890.72,20.0%,3471.52,4.6%,66971.40,89.4%,4447.80,5.9%,5
8,Brgy Mati,33451.27,8.9%,2437.79,7.3%,2895.36,8.7%,28118.12,84.1%,0
8,Brgy Babalaya,90470.45,24.1%,28067.82,31.0%,42168.28,46.6%,20234.35,22.4%,3
9,Brgy Liangan East,33219.69,8.9%,2294.08,6.9%,2835.76,8.5%,28089.84,84.6%,0
9,Brgy Ezperanza,18339.53,4.9%,2401.90,13.1%,1105.69,6.0%,14831.93,80.9%,0
9,Brgy Poblacion,23435.29,6.2%,11130.66,47.5%,1571.67,6.7%,10732.95,45.8%,0
9,Brgy Binuni,37669.46,10.0%,8643.98,22.9%,18454.91,49.0%,10570.57,28.1%,1
9,Brgy Demologan,96102.83,25.6%,1673.84,1.7%,36910.65,38.4%,57518.34,59.9%,3
9,Brgy Mati,78187.04,20.8%,3242.15,4.1%,70734.75,90.5%,4210.14,5.4%,5
9,Brgy Babalaya,88046.16,23.5%,27422.72,31.1%,41107.80,46.7%,19515.63,22.2%,3
9,Brgy Liangan East,32972.73,8.8%,2435.40,7.4%,2882.94,8.7%,27654.38,83.9%,0
9,Brgy Ezperanza,18625.97,5.0%,2509.90,13.5%,1170.69,6.3%,14945.39,80.2%,0
9,Brgy Poblacion,23566.14,6.3%,11230.40,47.7%,1670.33,7.1%,10665.41,45.3%,0
9,Brgy Binuni,38702.00,10.3%,8950.60,23.1%,18751.02,48.4%,11000.37,28.4%,1
9,Brgy Demologan,76253.30,20.3%,3461.78,4.5%,68533.15,89.9%,4258.38,5.6%,5
9,Brgy Mati,88735.41,23.7%,27958.38,31.5%,40731.64,45.9%,20045.38,22.6%,3
9,Brgy Babalaya,96144.44,25.6%,1727.38,1.8%,35988.88,37.4%,58428.18,60.8%,2
9,Brgy Liangan East,33772.99,9.0%,2325.57,6.9%,2899.26,8.6%,28548.16,84.5%,0
9,Brgy Ezperanza,18649.06,5.0%,2439.83,13.1%,1133.35,6.1%,15075.88,80.8%,0
9,Brgy Poblacion,23893.46,6.4%,11274.48,47.2%,1594.91,6.7%,11024.07,46.1%,0
9,Brgy Binuni,37624.07,10.0%,8660.00,23.0%,18421.61,49.0%,10542.46,28.0%,1
9,Brgy Demologan,95343.81,25.4%,1695.46,1.8%,36769.47,38.6%,56878.89,59.7%,3
9,Brgy Mati,77527.01,20.7%,3278.41,4.2%,69903.22,90.2%,4345.38,5.6%,5
9,Brgy Babalaya,88189.61,23.5%,27154.72,30.8%,41272.82,46.8%,19762.08,22.4%,3
9,Brgy Liangan East,33554.55,8.9%,2416.47,7.2%,2811.99,8.4%,28326.10,84.4%,0
9,Brgy Ezperanza,18465.33,4.9%,2570.67,13.9%,1147.83,6.2%,14746.83,79.9%,0
9,Brgy Poblacion,23679.02,6.3%,11175.20,47.2%,1678.26,7.1%,10825.55,45.7%,0
9,Brgy Binuni,38988.28,10.4%,9186.95,23.6%,18821.88,48.3%,10979.46,28.2%,1
9,Brgy Demologan,78144.04,20.8%,3537.78,4.5%,70371.68,90.1%,4234.58,5.4%,5
9,Brgy Mati,86532.68,23.1%,27624.24,31.9%,40373.98,46.7%,18534.46,21.4%,3
9,Brgy Babalaya,95636.12,25.5%,1676.48,1.8%,35563.17,37.2%,58396.47,61.1%,2
10,Brgy Liangan East,32508.48,8.7%,2328.82,7.2%,2829.38,8.7%,27350.28,84.1%,0
10,Brgy Ezperanza,17946.84,4.8%,2464.52,13.7%,1116.11,6.2%,14366.20,80.0%,0
10,Brgy Poblacion,22846.71,6.1%,11000.58,48.1%,1647.77,7.2%,10198.35,44.6%,0
10,Brgy Binuni,38158.11,10.2%,9304.84,24.4%,18482.40,48.4%,10370.87,27.2%,1
10,Brgy Demologan,78639.68,21.0%,3320.41,4.2%,71289.83,90.7%,4029.44,5.1%,5
10,Brgy Mati,86238.88,23.0%,27673.23,32.1%,39229.12,45.5%,19336.51,22.4%,3
10,Brgy Babalaya,98661.34,26.3%,1525.26,1.5%,36892.19,37.4%,60243.89,61.1%,3
10,Brgy Liangan East,33150.80,8.8%,2310.02,7.0%,2874.81,8.7%,27965.98,84.4%,0
10,Brgy Ezperanza,18688.39,5.0%,2487.83,13.3%,1140.70,6.1%,15059.86,80.6%,0
10,Brgy Poblacion,23286.52,6.2%,10793.19,46.3%,1642.98,7.1%,10850.34,46.6%,0
10,Brgy Binuni,38492.99,10.3%,9325.12,24.2%,18660.65,48.5%,10507.22,27.3%,1
10,Brgy Demologan,98627.38,26.3%,1499.41,1.5%,36508.00,37.0%,60619.96,61.5%,3
10,Brgy Mati,76913.25,20.5%,3343.83,4.3%,69291.64,90.1%,4277.79,5.6%,5
10,Brgy Babalaya,85840.71,22.9%,27715.19,32.3%,39097.76,45.5%,19027.77,22.2%,3
10,Brgy Liangan East,32657.99,8.7%,2246.76,6.9%,2792.10,8.5%,27619.14,84.6%,0
10,Brgy Ezperanza,17863.23,4.8%,2411.20,13.5%,1076.32,6.0%,14375.71,80.5%,0
10,Brgy Poblacion,22754.08,6.1%,10832.54,47.6%,1591.21,7.0%,10330.33,45.4%,0
10,Brgy Binuni,37794.39,10.1%,9161.17,24.2%,18390.76,48.7%,10242.46,27.1%,1
10,Brgy Demologan,98746.66,26.3%,1487.50,1.5%,37292.08,37.8%,59967.08,60.7%,3
10,Brgy Mati,79624.30,21.2%,3212.10,4.0%,72382.65,90.9%,4029.55,5.1%,6
10,Brgy Babalaya,85559.38,22.8%,27425.17,32.1%,39353.96,46.0%,18780.25,21.9%,3
10,Brgy Liangan East,32943.73,8.8%,2265.42,6.9%,2869.04,8.7%,27809.26,84.4%,0
10,Brgy Ezperanza,18250.60,4.9%,2431.52,13.3%,1101.99,6.0%,14717.08,80.6%,0
10,Brgy Poblacion,23078.03,6.2%,10831.28,46.9%,1606.20,7.0%,10640.55,46.1%,0
10,Brgy Binuni,37834.28,10.1%,9113.33,24.1%,18455.73,48.8%,10265.22,27.1%,1
10,Brgy Demologan,98437.63,26.3%,1507.21,1.5%,37283.05,37.9%,59647.37,60.6%,3
10,Brgy Mati,78778.92,21.0%,3215.35,4.1%,71379.81,90.6%,4183.77,5.3%,5
10,Brgy Babalaya,85676.80,22.8%,27442.79,32.0%,39392.88,46.0%,18841.13,22.0%,3
11,Brgy Liangan East,32378.56,8.6%,2158.93,6.7%,2755.90,8.5%,27463.73,84.8%,0
11,Brgy Ezperanza,17397.28,4.6%,2383.36,13.7%,1036.25,6.0%,13977.68,80.3%,0
11,Brgy Poblacion,22166.52,5.9%,10550.39,47.6%,1576.71,7.1%,10039.42,45.3%,0
11,Brgy Binuni,37388.71,10.0%,9502.52,25.4%,18178.97,48.6%,9707.21,26.0%,1
11,Brgy Demologan,101014.54,26.9%,1320.34,1.3%,38041.76,37.7%,61652.44,61.0%,3
11,Brgy Mati,81634.79,21.8%,3097.02,3.8%,74643.84,91.4%,3893.93,4.8%,6
11,Brgy Babalaya,83019.56,22.1%,27112.11,32.7%,37915.57,45.7%,17991.89,21.7%,3
11,Brgy Liangan East,31818.62,8.5%,2310.20,7.3%,2805.42,8.8%,26703.01,83.9%,0
11,Brgy Ezperanza,17375.95,4.6%,2485.13,14.3%,1097.37,6.3%,13793.45,79.4%,0
11,Brgy Poblacion,22234.41,5.9%,10856.03,48.8%,1689.60,7.6%,9688.79,43.6%,0
11,Brgy Binuni,38282.93,10.2%,9867.70,25.8%,18386.78,48.0%,10028.45,26.2%,1
11,Brgy Demologan,80009.27,21.3%,3316.50,4.1%,72869.26,91.1%,3823.50,4.8%,6
11,Brgy Mati,84182.83,22.4%,27696.91,32.9%,37636.42,44.7%,18849.49,22.4%,3
11,Brgy Babalaya,101096.02,27.0%,1380.52,1.4%,37215.09,36.8%,62500.41,61.8%,3
11,Brgy Liangan East,31846.57,8.5%,2331.51,7.3%,2796.19,8.8%,26718.88,83.9%,0
11,Brgy Ezperanza,17381.89,4.6%,2498.11,14.4%,1103.30,6.3%,13780.48,79.3%,0
11,Brgy Poblacion,22231.23,5.9%,10881.27,48.9%,1702.85,7.7%,9647.11,43.4%,0
11,Brgy Binuni,38368.90,10.2%,9902.80,25.8%,18401.52,48.0%,10064.58,26.2%,1
11,Brgy Demologan,79851.09,21.3%,3346.64,4.2%,72679.14,91.0%,3825.31,4.8%,6
11,Brgy Mati,84372.07,22.5%,27657.72,32.8%,37719.05,44.7%,18995.30,22.5%,3
11,Brgy Babalaya,100948.23,26.9%,1386.09,1.4%,37076.95,36.7%,62485.19,61.9%,3
11,Brgy Liangan East,32634.39,8.7%,2200.81,6.7%,2775.88,8.5%,27657.70,84.8%,0
11,Brgy Ezperanza,17501.77,4.7%,2430.38,13.9%,1059.42,6.1%,14011.97,80.1%,0
11,Brgy Poblacion,22423.98,6.0%,10730.22,47.9%,1613.12,7.2%,10080.64,45.0%,0
11,Brgy Binuni,37616.92,10.0%,9676.21,25.7%,18184.61,48.3%,9756.10,25.9%,1
11,Brgy Demologan,100585.89,26.8%,1327.80,1.3%,37666.84,37.4%,61591.25,61.2%,3
11,Brgy Mati,81045.83,21.6%,3181.21,3.9%,73953.16,91.2%,3911.46,4.8%,6
11,Brgy Babalaya,83191.23,22.2%,27012.48,32.5%,37882.04,45.5%,18296.71,22.0%,3
12,Brgy Liangan East,31715.84,8.5%,2174.07,6.9%,2720.67,8.6%,26821.09,84.6%,0
12,Brgy Ezperanza,16973.63,4.5%,2428.38,14.3%,1038.46,6.1%,13506.79,79.6%,0
12,Brgy Poblacion,21603.92,5.8%,10444.20,48.3%,1638.46,7.6%,9521.26,44.1%,0
12,Brgy Binuni,37816.71,10.1%,10180.99,26.9%,18148.86,48.0%,9486.86,25.1%,1
12,Brgy Demologan,103468.03,27.6%,1198.74,1.2%,37917.86,36.6%,64351.43,62.2%,3
12,Brgy Mati,82004.23,21.9%,3163.99,3.9%,75133.21,91.6%,3707.03,4.5%,6
12,Brgy Babalaya,81417.64,21.7%,27227.02,33.4%,36321.28,44.6%,17869.34,21.9%,3
12,Brgy Liangan East,31304.05,8.3%,2163.06,6.9%,2736.94,8.7%,26404.05,84.3%,0
12,Brgy Ezperanza,16925.27,4.5%,2403.83,14.2%,1039.36,6.1%,13482.08,79.7%,0
12,Brgy Poblacion,21457.61,5.7%,10417.92,48.6%,1633.01,7.6%,9406.68,43.8%,0
12,Brgy Binuni,37788.85,10.1%,10137.21,26.8%,18185.88,48.1%,9465.76,25.0%,1
12,Brgy Demologan,104134.15,27.8%,1197.53,1.1%,38147.26,36.6%,64789.36,62.2%,3
12,Brgy Mati,81718.59,21.8%,3132.07,3.8%,74918.67,91.7%,3667.86,4.5%,6
12,Brgy Babalaya,81671.49,21.8%,27562.85,33.7%,36160.59,44.3%,17948.06,22.0%,3
12,Brgy Liangan East,31405.91,8.4%,2180.64,6.9%,2732.37,8.7%,26492.90,84.4%,0
12,Brgy Ezperanza,16734.38,4.5%,2415.89,14.4%,1036.06,6.2%,13282.43,79.4%,0
12,Brgy Poblacion,21514.42,5.7%,10557.96,49.1%,1646.04,7.7%,9310.42,43.3%,0
12,Brgy Binuni,37625.24,10.0%,10140.92,27.0%,18105.48,48.1%,9378.83,24.9%,1
12,Brgy Demologan,82520.82,22.0%,3144.68,3.8%,75741.80,91.8%,3634.34,4.4%,6
12,Brgy Mati,81658.41,21.8%,27306.20,33.4%,36391.86,44.6%,17960.34,22.0%,3
12,Brgy Babalaya,103540.84,27.6%,1208.67,1.2%,38202.21,36.9%,64129.96,61.9%,3
12,Brgy Liangan East,31513.70,8.4%,2247.35,7.1%,2787.82,8.8%,26478.53,84.0%,0
12,Brgy Ezperanza,16898.07,4.5%,2466.06,14.6%,1067.64,6.3%,13364.38,79.1%,0
12,Brgy Poblacion,21766.49,5.8%,10711.83,49.2%,1693.20,7.8%,9361.46,43.0%,0
12,Brgy Binuni,37859.67,10.1%,10240.55,27.0%,18126.26,47.9%,9492.86,25.1%,1
12,Brgy Demologan,81751.91,21.8%,3218.92,3.9%,74841.59,91.5%,3691.42,4.5%,6
12,Brgy Mati,82181.92,21.9%,27289.52,33.2%,36451.52,44.4%,18440.89,22.4%,3
12,Brgy Babalaya,103028.27,27.5%,1243.32,1.2%,37950.57,36.8%,63834.37,62.0%,3
13,Brgy Liangan East,31622.23,8.4%,2211.73,7.0%,2724.44,8.6%,26686.06,84.4%,0
13,Brgy Ezperanza,17063.32,4.6%,2508.43,14.7%,1083.22,6.3%,13471.66,79.0%,0
13,Brgy Poblacion,21533.11,5.7%,10428.88,48.4%,1702.82,7.9%,9401.40,43.7%,0
13,Brgy Binuni,38463.30,10.3%,10742.94,27.9%,18241.57,47.4%,9478.79,24.6%,1
13,Brgy Demologan,80781.98,21.5%,3293.47,4.1%,73810.23,91.4%,3678.27,4.6%,6
13,Brgy Mati,80672.99,21.5%,27270.05,33.8%,35279.74,43.7%,18123.21,22.5%,2
13,Brgy Babalaya,104863.04,28.0%,1157.81,1.1%,37974.64,36.2%,65730.59,62.7%,3
1,Brgy Liangan East,25173.53,6.7%,5827.40,23.1%,10830.47,43.0%,8515.66,33.8%,0
1,Brgy Ezperanza,25988.56,6.9%,1724.78,6.6%,4025.35,15.5%,20238.42,77.9%,0
1,Brgy Poblacion,187499.98,50.0%,31787.82,17.0%,64659.22,34.5%,91052.95,48.6%,5
1,Brgy Binuni,24583.35,6.6%,1289.55,5.2%,11501.17,46.8%,11792.63,48.0%,0
1,Brgy Demologan,27967.13,7.5%,1929.88,6.9%,12593.88,45.0%,13443.36,48.1%,1
1,Brgy Mati,61202.96,16.3%,30333.44,49.6%,18364.75,30.0%,12504.77,20.4%,1
1,Brgy Babalaya,22584.47,6.0%,10558.89,46.8%,2122.56,9.4%,9903.03,43.8%,0
13,Brgy Liangan East,31648.64,8.4%,2218.05,7.0%,2777.51,8.8%,26653.09,84.2%,0
13,Brgy Ezperanza,17301.13,4.6%,2516.76,14.5%,1089.45,6.3%,13694.92,79.2%,0
13,Brgy Poblacion,21633.77,5.8%,10328.23,47.7%,1708.51,7.9%,9597.02,44.4%,0
13,Brgy Binuni,38616.69,10.3%,10691.87,27.7%,18338.11,47.5%,9586.71,24.8%,1
13,Brgy Demologan,104799.88,27.9%,1167.82,1.1%,38028.27,36.3%,65603.79,62.6%,3
13,Brgy Mati,80421.12,21.4%,3273.52,4.1%,73372.43,91.2%,3775.16,4.7%,6
13,Brgy Babalaya,80578.77,21.5%,27371.44,34.0%,35249.94,43.7%,17957.38,22.3%,2
13,Brgy Liangan East,105936.95,28.2%,1103.73,1.0%,38366.14,36.2%,66467.09,62.7%,3
13,Brgy Ezperanza,16965.43,4.5%,2413.20,14.2%,1025.69,6.0%,13526.54,79.7%,0
13,Brgy Poblacion,21111.95,5.6%,10036.43,47.5%,1604.11,7.6%,9471.41,44.9%,0
13,Brgy Binuni,38165.55,10.2%,10535.96,27.6%,18206.00,47.7%,9423.59,24.7%,1
13,Brgy Demologan,81606.38,21.8%,3145.69,3.9%,74831.63,91.7%,3629.05,4.4%,6
13,Brgy Mati,31448.81,8.4%,2085.73,6.6%,2635.37,8.4%,26727.71,85.0%,0
13,Brgy Babalaya,79764.95,21.3%,27346.83,34.3%,35060.97,44.0%,17357.15,21.8%,2
13,Brgy Liangan East,31364.67,8.4%,2187.36,7.0%,2751.23,8.8%,26426.08,84.3%,0
13,Brgy Ezperanza,16757.26,4.5%,2465.56,14.7%,1064.08,6.3%,13227.62,78.9%,0
13,Brgy Poblacion,21456.34,5.7%,10537.37,49.1%,1684.19,7.8%,9234.78,43.0%,0
13,Brgy Binuni,37929.42,10.1%,10545.94,27.8%,18103.73,47.7%,9279.75,24.5%,1
13,Brgy Demologan,81998.88,21.9%,3198.09,3.9%,75187.24,91.7%,3613.55,4.4%,6
13,Brgy Mati,80776.03,21.5%,27194.13,33.7%,35497.57,43.9%,18084.32,22.4%,2
13,Brgy Babalaya,104717.36,27.9%,1170.35,1.1%,38635.61,36.9%,64911.40,62.0%,3
1,Brgy Liangan East,24787.81,6.6%,5425.55,21.9%,10046.58,40.5%,9315.69,37.6%,0
1,Brgy Ezperanza,25555.50,6.8%,1685.16,6.6%,3639.66,14.2%,20230.68,79.2%,0
1,Brgy Poblacion,187500.00,50.0%,31686.74,16.9%,67498.77,36.0%,88314.48,47.1%,5
1,Brgy Binuni,24728.07,6.6%,1330.11,5.4%,11738.07,47.5%,11659.89,47.2%,0
1,Brgy Demologan,29008.16,7.7%,1880.74,6.5%,14225.09,49.0%,12902.33,44.5%,1
1,Brgy Mati,60602.00,16.2%,27804.89,45.9%,19636.88,32.4%,13160.23,21.7%,1
1,Brgy Babalaya,22818.46,6.1%,10767.79,47.2%,1973.28,8.6%,10077.39,44.2%,0
1,Brgy Liangan East,24836.00,6.6%,5553.52,22.4%,10173.33,41.0%,9109.15,36.7%,0
1,Brgy Ezperanza,25621.56,6.8%,1696.52,6.6%,3755.30,14.7%,20169.73,78.7%,0
1,Brgy Poblacion,187500.00,50.0%,31565.99,16.8%,66567.91,35.5%,89366.10,47.7%,5
1,Brgy Binuni,24685.21,6.6%,1319.70,5.3%,11706.25,47.4%,11659.27,47.2%,0
1,Brgy Demologan,28665.93,7.6%,1910.25,6.7%,13803.51,48.2%,12952.17,45.2%,1
1,Brgy Mati,60942.55,16.3%,28638.69,47.0%,19267.56,31.6%,13036.30,21.4%,1
1,Brgy Babalaya,22748.75,6.1%,10792.80,47.4%,2017.08,8.9%,9938.87,43.7%,0
1,Brgy Liangan East,25018.95,6.7%,5762.14,23.0%,10581.36,42.3%,8675.44,34.7%,0
1,Brgy Ezperanza,25602.18,6.8%,1718.87,6.7%,3903.87,15.2%,19979.43,78.0%,0
1,Brgy Poblacion,187500.00,50.0%,31598.35,16.9%,65201.63,34.8%,90700.02,48.4%,5
1,Brgy Binuni,24661.47,6.6%,1310.31,5.3%,11559.51,46.9%,11791.65,47.8%,0
1,Brgy Demologan,28168.34,7.5%,1925.39,6.8%,13178.30,46.8%,13064.66,46.4%,1
1,Brgy Mati,61440.81,16.4%,29912.56,48.7%,18817.10,30.6%,12711.15,20.7%,1
1,Brgy Babalaya,22608.27,6.0%,10723.29,47.4%,2094.55,9.3%,9790.43,43.3%,0
2,Brgy Liangan East,224762.09,59.9%,15127.15,6.7%,15646.48,7.0%,193988.47,86.3%,1
2,Brgy Ezperanza,150068.50,40.0%,15867.19,10.6%,9105.94,6.1%,125095.37,83.4%,0
2,Brgy Poblacion,18.04,0.0%,6.71,37.2%,0.81,4.5%,10.51,58.3%,0
2,Brgy Binuni,24.05,0.0%,3.65,15.2%,11.09,46.1%,9.31,38.7%,0
2,Brgy Demologan,32.22,0.0%,2.64,8.2%,25.72,79.8%,3.87,12.0%,0
2,Brgy Mati,41.59,0.0%,2.14,5.1%,14.40,34.6%,25.06,60.2%,0
2,Brgy Babalaya,53.49,0.0%,15.57,29.1%,27.14,50.7%,10.78,20.1%,0
2,Brgy Liangan East,223169.91,59.5%,15026.32,6.7%,15123.77,6.8%,193019.81,86.5%,1
2,Brgy Ezperanza,151661.33,40.4%,15889.77,10.5%,9086.27,6.0%,126685.29,83.5%,0
2,Brgy Poblacion,17.84,0.0%,6.47,36.3%,0.81,4.5%,10.56,59.2%,0
2,Brgy Binuni,24.45,0.0%,3.68,15.0%,11.24,46.0%,9.54,39.0%,0
2,Brgy Demologan,31.78,0.0%,2.69,8.5%,25.20,79.3%,3.89,12.2%,0
2,Brgy Mati,41.74,0.0%,2.08,5.0%,14.04,33.6%,25.62,61.4%,0
2,Brgy Babalaya,52.97,0.0%,15.79,29.8%,26.75,50.5%,10.43,19.7%,0
2,Brgy Liangan East,224735.42,59.9%,14746.25,6.6%,15070.05,6.7%,194919.12,86.7%,1
2,Brgy Ezperanza,150097.12,40.0%,15689.66,10.5%,8927.55,5.9%,125479.91,83.6%,0
2,Brgy Poblacion,17.87,0.0%,6.49,36.3%,0.80,4.5%,10.58,59.2%,0
2,Brgy Binuni,23.98,0.0%,3.61,15.1%,11.09,46.2%,9.28,38.7%,0
2,Brgy Demologan,31.88,0.0%,2.64,8.3%,25.37,79.6%,3.87,12.2%,0
2,Brgy Mati,41.20,0.0%,2.06,5.0%,14.07,34.1%,25.07,60.9%,0
2,Brgy Babalaya,52.55,0.0%,15.46,29.4%,26.78,51.0%,10.31,19.6%,0
2,Brgy Liangan East,225797.55,60.2%,14949.29,6.6%,15190.17,6.7%,195658.09,86.7%,1
2,Brgy Ezperanza,149033.47,39.7%,15957.96,10.7%,8930.62,6.0%,124144.89,83.3%,0
2,Brgy Poblacion,17.93,0.0%,6.61,36.8%,0.81,4.5%,10.51,58.6%,0
2,Brgy Binuni,24.20,0.0%,3.71,15.3%,11.12,46.0%,9.36,38.7%,0
2,Brgy Demologan,32.45,0.0%,2.67,8.2%,25.97,80.0%,3.82,11.8%,0
2,Brgy Mati,41.61,0.0%,2.07,5.0%,14.26,34.3%,25.28,60.8%,0
2,Brgy Babalaya,52.75,0.0%,15.53,29.4%,26.87,50.9%,10.36,19.6%,0
3,Brgy Liangan East,53.71,0.0%,4.09,7.6%,4.69,8.7%,44.93,83.7%,0
3,Brgy Ezperanza,374464.38,99.9%,36773.43,9.8%,24319.14,6.5%,313371.81,83.7%,2
3,Brgy Poblacion,43.81,0.0%,19.53,44.6%,2.22,5.1%,22.06,50.3%,0
3,Brgy Binuni,60.48,0.0%,9.42,15.6%,29.13,48.2%,21.93,36.3%,0
3,Brgy Demologan,88.77,0.0%,5.96,6.7%,74.15,83.5%,8.65,9.7%,0
3,Brgy Mati,123.64,0.0%,5.55,4.5%,46.97,38.0%,71.12,57.5%,0
3,Brgy Babalaya,165.22,0.0%,45.29,27.4%,76.23,46.1%,43.71,26.5%,0
3,Brgy Liangan East,54.54,0.0%,3.94,7.2%,4.62,8.5%,45.98,84.3%,0
3,Brgy Ezperanza,374466.25,99.9%,36043.84,9.6%,23493.90,6.3%,314928.50,84.1%,1
3,Brgy Poblacion,43.98,0.0%,19.24,43.8%,2.13,4.9%,22.61,51.4%,0
3,Brgy Binuni,59.46,0.0%,9.20,15.5%,28.83,48.5%,21.42,36.0%,0
3,Brgy Demologan,89.81,0.0%,5.75,6.4%,75.28,83.8%,8.78,9.8%,0
3,Brgy Mati,122.79,0.0%,5.42,4.4%,47.34,38.6%,70.03,57.0%,0
3,Brgy Babalaya,163.19,0.0%,44.30,27.1%,76.60,46.9%,42.29,25.9%,0
3,Brgy Liangan East,53.96,0.0%,3.90,7.2%,4.52,8.4%,45.54,84.4%,0
3,Brgy Ezperanza,374471.53,99.9%,35781.80,9.6%,23376.66,6.2%,315313.06,84.2%,1
3,Brgy Poblacion,43.42,0.0%,18.79,43.3%,2.11,4.9%,22.51,51.9%,0
3,Brgy Binuni,59.46,0.0%,9.19,15.5%,28.78,48.4%,21.49,36.1%,0
3,Brgy Demologan,88.15,0.0%,5.77,6.6%,73.65,83.6%,8.72,9.9%,0
3,Brgy Mati,122.08,0.0%,5.28,4.3%,46.44,38.0%,70.36,57.6%,0
3,Brgy Babalaya,161.37,0.0%,44.26,27.4%,75.41,46.7%,41.70,25.8%,0
3,Brgy Liangan East,53.80,0.0%,4.13,7.7%,4.76,8.8%,44.91,83.5%,0
3,Brgy Ezperanza,374463.00,99.9%,36804.14,9.8%,24453.93,6.5%,313204.94,83.6%,2
3,Brgy Poblacion,44.06,0.0%,19.72,44.8%,2.23,5.1%,22.11,50.2%,0
3,Brgy Binuni,60.26,0.0%,9.32,15.5%,29.10,48.3%,21.84,36.2%,0
3,Brgy Demologan,89.27,0.0%,5.93,6.6%,74.61,83.6%,8.73,9.8%,0
3,Brgy Mati,123.45,0.0%,5.68,4.6%,47.32,38.3%,70.44,57.1%,0
3,Brgy Babalaya,166.12,0.0%,45.20,27.2%,76.87,46.3%,44.05,26.5%,0
4,Brgy Liangan East,104302.26,27.8%,27725.14,26.6%,50836.50,48.7%,25740.62,24.7%,4
4,Brgy Ezperanza,21938.61,5.9%,2411.12,11.0%,1393.61,6.4%,18133.88,82.7%,0
4,Brgy Poblacion,27466.33,7.3%,12639.07,46.0%,1565.09,5.7%,13262.17,48.3%,0
4,Brgy Binuni,38012.57,10.1%,6185.67,16.3%,18700.62,49.2%,13126.29,34.5%,1
4,Brgy Demologan,66066.63,17.6%,3448.50,5.2%,56893.75,86.1%,5724.39,8.7%,4
4,Brgy Mati,82395.06,22.0%,3468.04,4.2%,33905.54,41.1%,45021.48,54.6%,2
4,Brgy Babalaya,34818.52,9.3%,2767.54,7.9%,3377.40,9.7%,28673.58,82.4%,0
4,Brgy Liangan East,35357.60,9.4%,2693.38,7.6%,3396.60,9.6%,29267.62,82.8%,0
4,Brgy Ezperanza,21829.28,5.8%,2365.70,10.8%,1356.35,6.2%,18107.23,82.9%,0
4,Brgy Poblacion,27635.32,7.4%,12643.98,45.8%,1521.66,5.5%,13469.68,48.7%,0
4,Brgy Binuni,37163.56,9.9%,6009.91,16.2%,18475.66,49.7%,12677.99,34.1%,1
4,Brgy Demologan,67323.26,18.0%,3306.55,4.9%,58220.55,86.5%,5796.16,8.6%,4
4,Brgy Mati,81914.78,21.8%,3444.38,4.2%,34596.74,42.2%,43873.67,53.6%,2
4,Brgy Babalaya,103776.20,27.7%,27062.34,26.1%,51347.79,49.5%,25366.08,24.4%,4
4,Brgy Liangan East,35338.68,9.4%,2697.63,7.6%,3358.26,9.5%,29282.79,82.9%,0
4,Brgy Ezperanza,21898.04,5.8%,2384.40,10.9%,1356.83,6.2%,18156.81,82.9%,0
4,Brgy Poblacion,27563.94,7.4%,12532.25,45.5%,1528.24,5.5%,13503.45,49.0%,0
4,Brgy Binuni,37522.72,10.0%,6098.93,16.3%,18585.77,49.5%,12838.01,34.2%,1
4,Brgy Demologan,103340.25,27.6%,27203.49,26.3%,51000.81,49.4%,25135.95,24.3%,4
4,Brgy Mati,82135.30,21.9%,3395.42,4.1%,34372.57,41.8%,44367.31,54.0%,2
4,Brgy Babalaya,67201.08,17.9%,3358.11,5.0%,58066.00,86.4%,5776.97,8.6%,4
4,Brgy Liangan East,35357.22,9.4%,2691.38,7.6%,3346.44,9.5%,29319.41,82.9%,0
4,Brgy Ezperanza,21769.94,5.8%,2382.26,10.9%,1349.42,6.2%,18038.25,82.9%,0
4,Brgy Poblacion,27585.58,7.4%,12587.57,45.6%,1523.71,5.5%,13474.29,48.8%,0
4,Brgy Binuni,37430.62,10.0%,6102.21,16.3%,18524.59,49.5%,12803.82,34.2%,1
4,Brgy Demologan,67481.87,18.0%,3350.63,5.0%,58380.84,86.5%,5750.39,8.5%,4
4,Brgy Mati,82073.39,21.9%,3402.74,4.1%,34352.70,41.9%,44317.95,54.0%,2
4,Brgy Babalaya,103301.38,27.5%,27126.13,26.3%,51169.35,49.5%,25005.89,24.2%,4
5,Brgy Liangan East,35795.89,9.5%,2707.67,7.6%,3036.33,8.5%,30051.89,84.0%,0
5,Brgy Ezperanza,21052.37,5.6%,2604.47,12.4%,1299.15,6.2%,17148.75,81.5%,0
5,Brgy Poblacion,26707.40,7.1%,11961.53,44.8%,1619.86,6.1%,13126.02,49.1%,0
5,Brgy Binuni,39546.94,10.5%,7194.32,18.2%,19203.97,48.6%,13148.65,33.2%,1
5,Brgy Demologan,71535.20,19.1%,3733.67,5.2%,62447.00,87.3%,5354.53,7.5%,5
5,Brgy Mati,84531.86,22.5%,2830.01,3.3%,33110.59,39.2%,48591.27,57.5%,2
5,Brgy Babalaya,95830.36,25.6%,27517.56,28.7%,47577.05,49.6%,20735.76,21.6%,3
5,Brgy Liangan East,35425.23,9.4%,2585.44,7.3%,3014.85,8.5%,29824.93,84.2%,0
5,Brgy Ezperanza,21059.73,5.6%,2468.14,11.7%,1263.45,6.0%,17328.14,82.3%,0
5,Brgy Poblacion,97288.42,25.9%,27491.99,28.3%,47939.72,49.3%,21856.71,22.5%,3
5,Brgy Binuni,38756.63,10.3%,6957.88,18.0%,18958.57,48.9%,12840.19,33.1%,1
5,Brgy Demologan,70703.44,18.9%,3529.36,5.0%,61892.26,87.5%,5281.82,7.5%,5
5,Brgy Mati,85355.80,22.8%,2747.85,3.2%,33906.05,39.7%,48701.89,57.1%,2
5,Brgy Babalaya,26410.77,7.0%,11854.84,44.9%,1537.53,5.8%,13018.39,49.3%,0
5,Brgy Liangan East,35404.55,9.4%,2724.50,7.7%,3204.48,9.1%,29475.57,83.3%,0
5,Brgy Ezperanza,20750.34,5.5%,2518.45,12.1%,1317.29,6.3%,16914.60,81.5%,0
5,Brgy Poblacion,26936.62,7.2%,12586.46,46.7%,1616.91,6.0%,12733.25,47.3%,0
5,Brgy Binuni,38143.87,10.2%,6854.89,18.0%,18730.20,49.1%,12558.78,32.9%,1
5,Brgy Demologan,71114.41,19.0%,3555.92,5.0%,62253.30,87.5%,5305.19,7.5%,5
5,Brgy Mati,83911.17,22.4%,3004.42,3.6%,34223.77,40.8%,46682.98,55.6%,2
5,Brgy Babalaya,98739.03,26.3%,27120.71,27.5%,48722.97,49.3%,22895.35,23.2%,4
5,Brgy Liangan East,35609.52,9.5%,2641.51,7.4%,3134.01,8.8%,29834.00,83.8%,0
5,Brgy Ezperanza,20801.68,5.5%,2490.53,12.0%,1280.61,6.2%,17030.54,81.9%,0
5,Brgy Poblacion,26834.59,7.2%,12295.00,45.8%,1569.96,5.9%,12969.63,48.3%,0
5,Brgy Binuni,38133.02,10.2%,6856.94,18.0%,18731.22,49.1%,12544.86,32.9%,1
5,Brgy Demologan,97700.28,26.1%,27040.45,27.7%,48548.90,49.7%,22110.94,22.6%,4
5,Brgy Mati,84292.70,22.5%,2891.45,3.4%,34313.71,40.7%,47087.55,55.9%,2
5,Brgy Babalaya,71628.20,19.1%,3497.94,4.9%,62811.77,87.7%,5318.47,7.4%,5
6,Brgy Liangan East,35333.62,9.4%,2520.93,7.1%,3108.79,8.8%,29703.89,84.1%,0
6,Brgy Ezperanza,20201.99,5.4%,2441.33,12.1%,1225.40,6.1%,16535.27,81.8%,0
6,Brgy Poblacion,26204.38,7.0%,12105.60,46.2%,1552.19,5.9%,12546.59,47.9%,0
6,Brgy Binuni,37469.90,10.0%,7145.98,19.1%,18513.84,49.4%,11810.08,31.5%,1
6,Brgy Demologan,95432.03,25.4%,26804.34,28.1%,47062.89,49.3%,21564.80,22.6%,3
6,Brgy Mati,86696.09,23.1%,2536.29,2.9%,35422.35,40.9%,48737.46,56.2%,2
6,Brgy Babalaya,73661.98,19.6%,3344.14,4.5%,65225.18,88.5%,5092.66,6.9%,5
6,Brgy Liangan East,35796.30,9.5%,2660.94,7.4%,2853.23,8.0%,30282.12,84.6%,0
6,Brgy Ezperanza,20160.80,5.4%,2709.81,13.4%,1239.05,6.1%,16211.94,80.4%,0
6,Brgy Poblacion,25865.03,6.9%,11623.40,44.9%,1671.45,6.5%,12570.19,48.6%,0
6,Brgy Binuni,40283.09,10.7%,8045.50,20.0%,19356.16,48.1%,12881.44,32.0%,1
6,Brgy Demologan,75004.10,20.0%,3888.07,5.2%,66142.55,88.2%,4973.48,6.6%,5
6,Brgy Mati,86926.83,23.2%,2405.78,2.8%,32867.42,37.8%,51653.63,59.4%,2
6,Brgy Babalaya,90963.84,24.3%,27402.81,30.1%,45018.81,49.5%,18542.21,20.4%,3
6,Brgy Liangan East,95945.95,25.6%,27597.87,28.8%,46400.43,48.4%,21947.66,22.9%,3
6,Brgy Ezperanza,20261.40,5.4%,2493.37,12.3%,1258.51,6.2%,16509.52,81.5%,0
6,Brgy Poblacion,25826.23,6.9%,12022.55,46.6%,1600.94,6.2%,12202.74,47.2%,0
6,Brgy Binuni,38566.48,10.3%,7435.00,19.3%,18855.94,48.9%,12275.54,31.8%,1
6,Brgy Demologan,72049.55,19.2%,3550.52,4.9%,63543.57,88.2%,4955.46,6.9%,5
6,Brgy Mati,87616.23,23.4%,2505.87,2.9%,34475.98,39.3%,50634.37,57.8%,2
6,Brgy Babalaya,34734.16,9.3%,2592.62,7.5%,3021.89,8.7%,29119.65,83.8%,0
6,Brgy Liangan East,35200.53,9.4%,2560.47,7.3%,3094.97,8.8%,29545.08,83.9%,0
6,Brgy Ezperanza,20475.27,5.5%,2478.09,12.1%,1250.67,6.1%,16746.51,81.8%,0
6,Brgy Poblacion,26144.92,7.0%,11951.79,45.7%,1579.17,6.0%,12613.96,48.2%,0
6,Brgy Binuni,38090.22,10.2%,7254.81,19.0%,18762.31,49.3%,12073.10,31.7%,1
6,Brgy Demologan,95376.91,25.4%,27210.33,28.5%,46676.05,48.9%,21490.54,22.5%,3
6,Brgy Mati,87024.42,23.2%,2527.63,2.9%,34942.90,40.2%,49553.89,56.9%,2
6,Brgy Babalaya,72687.75,19.4%,3441.64,4.7%,64106.11,88.2%,5140.00,7.1%,5
7,Brgy Liangan East,34728.61,9.3%,2448.94,7.1%,2936.84,8.5%,29342.82,84.5%,0
7,Brgy Ezperanza,92653.42,24.7%,27284.14,29.4%,44656.10,48.2%,20713.18,22.4%,3
7,Brgy Poblacion,25219.11,6.7%,11602.96,46.0%,1569.81,6.2%,12046.34,47.8%,0
7,Brgy Binuni,38186.47,10.2%,7827.93,20.5%,18710.31,49.0%,11648.23,30.5%,1
7,Brgy Demologan,74192.79,19.8%,3427.82,4.6%,65978.12,88.9%,4786.84,6.5%,5
7,Brgy Mati,90201.94,24.1%,2141.47,2.4%,35277.46,39.1%,52783.01,58.5%,2
7,Brgy Babalaya,19817.63,5.3%,2461.32,12.4%,1194.16,6.0%,16162.14,81.6%,0
7,Brgy Liangan East,34228.61,9.1%,2518.14,7.4%,2996.45,8.8%,28714.03,83.9%,0
7,Brgy Ezperanza,19577.73,5.2%,2486.06,12.7%,1211.12,6.2%,15880.54,81.1%,0
7,Brgy Poblacion,25098.71,6.7%,11776.39,46.9%,1614.37,6.4%,11707.96,46.6%,0
7,Brgy Binuni,38332.21,10.2%,7852.31,20.5%,18767.65,49.0%,11712.25,30.6%,1
7,Brgy Demologan,93141.00,24.8%,27537.35,29.6%,44607.11,47.9%,20996.54,22.5%,3
7,Brgy Mati,90211.52,24.1%,2215.29,2.5%,35370.29,39.2%,52625.95,58.3%,2
7,Brgy Babalaya,74410.23,19.8%,3461.91,4.7%,66233.73,89.0%,4714.58,6.3%,5
7,Brgy Liangan East,35060.08,9.3%,2477.38,7.1%,2819.30,8.0%,29763.39,84.9%,0
7,Brgy Ezperanza,19709.18,5.3%,2563.48,13.0%,1185.27,6.0%,15960.43,81.0%,0
7,Brgy Poblacion,25051.57,6.7%,11344.95,45.3%,1604.80,6.4%,12101.82,48.3%,0
7,Brgy Binuni,39254.95,10.5%,8201.75,20.9%,19063.12,48.6%,11990.07,30.5%,1
7,Brgy Demologan,75346.51,20.1%,3621.20,4.8%,66986.24,88.9%,4739.06,6.3%,5
7,Brgy Mati,90204.05,24.1%,27450.36,30.4%,43778.26,48.5%,18975.43,21.0%,3
7,Brgy Babalaya,90373.68,24.1%,2073.87,2.3%,34256.65,37.9%,54043.15,59.8%,2
7,Brgy Liangan East,33888.23,9.0%,2604.67,7.7%,3041.37,9.0%,28242.19,83.3%,0
7,Brgy Ezperanza,19487.43,5.2%,2523.75,13.0%,1248.95,6.4%,15714.72,80.6%,0
7,Brgy Poblacion,25174.24,6.7%,12071.22,48.0%,1668.96,6.6%,11434.06,45.4%,0
7,Brgy Binuni,38503.63,10.3%,7938.35,20.6%,18776.18,48.8%,11789.09,30.6%,1
7,Brgy Demologan,73685.46,19.6%,3556.28,4.8%,65475.09,88.9%,4654.09,6.3%,5
7,Brgy Mati,90039.56,24.0%,2288.36,2.5%,35158.56,39.0%,52592.65,58.4%,2
7,Brgy Babalaya,94221.48,25.1%,27746.05,29.4%,44657.71,47.4%,21817.72,23.2%,3
8,Brgy Liangan East,34039.62,9.1%,2480.55,7.3%,2830.22,8.3%,28728.84,84.4%,0
8,Brgy Ezperanza,18991.05,5.1%,2573.90,13.6%,1169.64,6.2%,15247.50,80.3%,0
8,Brgy Poblacion,24300.30,6.5%,11340.61,46.7%,1661.43,6.8%,11298.26,46.5%,0
8,Brgy Binuni,39204.85,10.5%,8702.40,22.2%,18933.39,48.3%,11569.06,29.5%,1
8,Brgy Demologan,76723.12,20.5%,3597.58,4.7%,68678.14,89.5%,4447.40,5.8%,5
8,Brgy Mati,88870.14,23.7%,27572.66,31.0%,42200.18,47.5%,19097.30,21.5%,3
8,Brgy Babalaya,92870.95,24.8%,1894.02,2.0%,34935.73,37.6%,56041.19,60.3%,2
8,Brgy Liangan East,33582.15,9.0%,2478.70,7.4%,2928.80,8.7%,28174.66,83.9%,0
8,Brgy Ezperanza,18855.21,5.0%,2486.22,13.2%,1181.93,6.3%,15187.07,80.5%,0
8,Brgy Poblacion,24331.82,6.5%,11663.43,47.9%,1643.97,6.8%,11024.42,45.3%,0
8,Brgy Binuni,38219.59,10.2%,8345.16,21.8%,18656.54,48.8%,11217.90,29.4%,1
8,Brgy Demologan,75953.44,20.3%,3449.74,4.5%,68080.52,89.6%,4423.18,5.8%,5
8,Brgy Mati,91273.65,24.3%,27541.82,30.2%,43038.76,47.2%,20693.06,22.7%,3
8,Brgy Babalaya,92784.16,24.7%,1971.98,2.1%,35847.77,38.6%,54964.40,59.2%,2
8,Brgy Liangan East,33930.50,9.0%,2355.28,6.9%,2892.29,8.5%,28682.92,84.5%,0
8,Brgy Ezperanza,19115.82,5.1%,2429.93,12.7%,1141.67,6.0%,15544.22,81.3%,0
8,Brgy Poblacion,93478.14,24.9%,1873.44,2.0%,36175.62,38.7%,55429.08,59.3%,3
8,Brgy Binuni,38075.88,10.2%,8257.64,21.7%,18647.98,49.0%,11170.26,29.3%,1
8,Brgy Demologan,76282.95,20.3%,3315.35,4.3%,68474.88,89.8%,4492.72,5.9%,5
8,Brgy Mati,24230.64,6.5%,11252.29,46.4%,1563.89,6.5%,11414.46,47.1%,0
8,Brgy Babalaya,89886.09,24.0%,27468.23,30.6%,42541.01,47.3%,19876.84,22.1%,3
8,Brgy Liangan East,33776.31,9.0%,2441.68,7.2%,2922.72,8.7%,28411.91,84.1%,0
8,Brgy Ezperanza,19038.68,5.1%,2476.15,13.0%,1177.98,6.2%,15384.55,80.8%,0
8,Brgy Poblacion,24409.04,6.5%,11553.58,47.3%,1623.40,6.7%,11232.06,46.0%,0
8,Brgy Binuni,38220.11,10.2%,8338.86,21.8%,18681.02,48.9%,11200.23,29.3%,1
8,Brgy Demologan,75747.44,20.2%,3426.65,4.5%,67847.19,89.6%,4473.60,5.9%,5
8,Brgy Mati,90860.77,24.2%,27553.09,30.3%,42897.75,47.2%,20409.93,22.5%,3
8,Brgy Babalaya,92947.67,24.8%,1937.66,2.1%,35831.24,38.5%,55178.77,59.4%,2
9,Brgy Liangan East,95659.47,25.5%,1697.62,1.8%,36772.71,38.4%,57189.14,59.8%,3
9,Brgy Ezperanza,18380.77,4.9%,2435.52,13.3%,1117.03,6.1%,14828.23,80.7%,0
9,Brgy Poblacion,23617.96,6.3%,11223.92,47.5%,1598.55,6.8%,10795.48,45.7%,0
9,Brgy Binuni,37802.85,10.1%,8696.10,23.0%,18482.45,48.9%,10624.30,28.1%,1
9,Brgy Demologan,78221.34,20.9%,3280.94,4.2%,70690.32,90.4%,4250.09,5.4%,5
9,Brgy Mati,33355.83,8.9%,2327.82,7.0%,2872.38,8.6%,28155.63,84.4%,0
9,Brgy Babalaya,87961.80,23.5%,27346.54,31.1%,41161.05,46.8%,19454.20,22.1%,3
9,Brgy Liangan East,32858.94,8.8%,2403.69,7.3%,2895.17,8.8%,27560.08,83.9%,0
9,Brgy Ezperanza,18567.79,5.0%,2479.04,13.4%,1153.10,6.2%,14935.66,80.4%,0
9,Brgy Poblacion,23515.59,6.3%,11181.23,47.5%,1649.66,7.0%,10684.70,45.4%,0
9,Brgy Binuni,38472.11,10.3%,8840.01,23.0%,18708.00,48.6%,10924.10,28.4%,1
9,Brgy Demologan,76853.14,20.5%,3387.26,4.4%,69208.26,90.1%,4257.62,5.5%,5
9,Brgy Mati,88598.36,23.6%,27914.58,31.5%,40848.05,46.1%,19835.72,22.4%,3
9,Brgy Babalaya,96134.06,25.6%,1726.40,1.8%,36340.73,37.8%,58066.93,60.4%,3
9,Brgy Liangan East,34433.20,9.2%,2469.49,7.2%,2742.99,8.0%,29220.72,84.9%,0
9,Brgy Ezperanza,18520.94,4.9%,2731.81,14.7%,1144.01,6.2%,14645.11,79.1%,0
9,Brgy Poblacion,23860.19,6.4%,10943.83,45.9%,1736.00,7.3%,11180.36,46.9%,0
9,Brgy Binuni,40076.19,10.7%,9646.83,24.1%,19118.06,47.7%,11311.30,28.2%,1
9,Brgy Demologan,79952.73,21.3%,3755.82,4.7%,71874.76,89.9%,4322.15,5.4%,5
9,Brgy Mati,83424.11,22.2%,27313.41,32.7%,39613.07,47.5%,16497.64,19.8%,3
9,Brgy Babalaya,94732.61,25.3%,1644.66,1.7%,34321.08,36.2%,58766.88,62.0%,2
9,Brgy Liangan East,33375.90,8.9%,2285.54,6.8%,2805.86,8.4%,28284.50,84.7%,0
9,Brgy Ezperanza,18386.88,4.9%,2412.94,13.1%,1102.84,6.0%,14871.10,80.9%,0
9,Brgy Poblacion,96162.40,25.6%,1649.61,1.7%,36710.38,38.2%,57802.41,60.1%,3
9,Brgy Binuni,37824.69,10.1%,8715.39,23.0%,18502.36,48.9%,10606.93,28.0%,1
9,Brgy Demologan,78172.81,20.8%,3269.91,4.2%,70689.84,90.4%,4213.06,5.4%,5
9,Brgy Mati,23437.70,6.3%,11066.53,47.2%,1569.93,6.7%,10801.24,46.1%,0
9,Brgy Babalaya,87639.62,23.4%,27401.84,31.3%,40967.53,46.7%,19270.26,22.0%,3
10,Brgy Liangan East,33118.96,8.8%,2342.22,7.1%,2768.06,8.4%,28008.68,84.6%,0
10,Brgy Ezperanza,17940.77,4.8%,2555.88,14.2%,1106.94,6.2%,14277.96,79.6%,0
10,Brgy Poblacion,23039.55,6.1%,10916.71,47.4%,1681.31,7.3%,10441.53,45.3%,0
10,Brgy Binuni,38831.78,10.4%,9637.59,24.8%,18672.20,48.1%,10521.98,27.1%,1
10,Brgy Demologan,79897.21,21.3%,3457.76,4.3%,72378.40,90.6%,4061.05,5.1%,6
10,Brgy Mati,84154.03,22.4%,27433.17,32.6%,38897.14,46.2%,17823.73,21.2%,3
10,Brgy Babalaya,98017.72,26.1%,1488.57,1.5%,36062.91,36.8%,60466.23,61.7%,3
10,Brgy Liangan East,31850.46,8.5%,2337.59,7.3%,2771.12,8.7%,26741.75,84.0%,0
10,Brgy Ezperanza,17810.81,4.7%,2464.75,13.8%,1111.79,6.2%,14234.26,79.9%,0
10,Brgy Poblacion,22414.67,6.0%,10830.91,48.3%,1657.39,7.4%,9926.37,44.3%,0
10,Brgy Binuni,38740.91,10.3%,9444.90,24.4%,18696.77,48.3%,10599.24,27.4%,1
10,Brgy Demologan,78216.91,20.9%,3376.99,4.3%,70922.55,90.7%,3917.37,5.0%,5
10,Brgy Mati,86210.61,23.0%,28290.52,32.8%,38775.90,45.0%,19144.19,22.2%,3
10,Brgy Babalaya,99755.66,26.6%,1507.07,1.5%,36541.67,36.6%,61706.92,61.9%,3
10,Brgy Liangan East,99346.70,26.5%,1451.00,1.5%,36975.64,37.2%,60920.06,61.3%,3
10,Brgy Ezperanza,18082.36,4.8%,2411.07,13.3%,1081.15,6.0%,14590.13,80.7%,0
10,Brgy Poblacion,22739.74,6.1%,10694.28,47.0%,1578.83,6.9%,10466.64,46.0%,0
10,Brgy Binuni,38059.54,10.1%,9248.19,24.3%,18498.70,48.6%,10312.66,27.1%,1
10,Brgy Demologan,78778.16,21.0%,3237.06,4.1%,71488.78,90.7%,4052.31,5.1%,5
10,Brgy Mati,32747.94,8.7%,2221.30,6.8%,2763.28,8.4%,27763.36,84.8%,0
10,Brgy Babalaya,85245.59,22.7%,27651.69,32.4%,38998.05,45.7%,18595.85,21.8%,3
10,Brgy Liangan East,33408.42,8.9%,2487.33,7.4%,2780.20,8.3%,28140.88,84.2%,0
10,Brgy Ezperanza,17971.11,4.8%,2755.60,15.3%,1141.33,6.4%,14074.17,78.3%,0
10,Brgy Poblacion,23240.65,6.2%,10920.07,47.0%,1807.37,7.8%,10513.21,45.2%,0
10,Brgy Binuni,40160.48,10.7%,10207.70,25.4%,19009.33,47.3%,10943.46,27.2%,1
10,Brgy Demologan,80995.12,21.6%,3739.13,4.6%,73150.37,90.3%,4105.63,5.1%,6
10,Brgy Mati,82115.53,21.9%,27462.90,33.4%,38092.65,46.4%,16559.97,20.2%,3
10,Brgy Babalaya,97108.68,25.9%,1516.65,1.6%,34879.14,35.9%,60712.89,62.5%,2
11,Brgy Liangan East,31746.81,8.5%,2230.71,7.0%,2759.73,8.7%,26756.37,84.3%,0
11,Brgy Ezperanza,17574.12,4.7%,2421.29,13.8%,1074.73,6.1%,14078.10,80.1%,0
11,Brgy Poblacion,101991.43,27.2%,1336.49,1.3%,37291.96,36.6%,63362.98,62.1%,3
11,Brgy Binuni,38260.78,10.2%,9717.33,25.4%,18491.84,48.3%,10051.61,26.3%,1
11,Brgy Demologan,79391.86,21.2%,3232.80,4.1%,72292.59,91.1%,3866.47,4.9%,6
11,Brgy Mati,22007.60,5.9%,10530.36,47.8%,1630.90,7.4%,9846.33,44.7%,0
11,Brgy Babalaya,84027.41,22.4%,27936.71,33.2%,37592.05,44.7%,18498.66,22.0%,3
11,Brgy Liangan East,31467.20,8.4%,2199.63,7.0%,2709.07,8.6%,26558.50,84.4%,0
11,Brgy Ezperanza,17379.16,4.6%,2395.77,13.8%,1056.02,6.1%,13927.37,80.1%,0
11,Brgy Poblacion,102634.36,27.4%,1314.72,1.3%,37413.07,36.5%,63906.56,62.3%,3
11,Brgy Binuni,38222.07,10.2%,9721.91,25.4%,18470.59,48.3%,10029.57,26.2%,1
11,Brgy Demologan,79948.05,21.3%,3201.39,4.0%,72969.48,91.3%,3777.18,4.7%,6
11,Brgy Mati,21691.81,5.8%,10408.04,48.0%,1606.18,7.4%,9677.59,44.6%,0
11,Brgy Babalaya,83657.36,22.3%,28061.06,33.5%,37293.34,44.6%,18302.97,21.9%,3
11,Brgy Liangan East,32040.16,8.5%,2356.57,7.4%,2720.85,8.5%,26962.74,84.2%,0
11,Brgy Ezperanza,17695.93,4.7%,2610.58,14.8%,1115.12,6.3%,13970.22,78.9%,0
11,Brgy Poblacion,22191.55,5.9%,10500.07,47.3%,1750.74,7.9%,9940.74,44.8%,0
11,Brgy Binuni,39837.77,10.6%,10420.55,26.2%,18912.41,47.5%,10504.81,26.4%,1
11,Brgy Demologan,79425.56,21.2%,3557.56,4.5%,71979.45,90.6%,3888.55,4.9%,5
11,Brgy Mati,82158.49,21.9%,28172.62,34.3%,36717.57,44.7%,17268.30,21.0%,3
11,Brgy Babalaya,101650.53,27.1%,1329.33,1.3%,35706.77,35.1%,64614.43,63.6%,2
11,Brgy Liangan East,31640.54,8.4%,2279.50,7.2%,2797.79,8.8%,26563.25,84.0%,0
11,Brgy Ezperanza,17389.46,4.6%,2457.69,14.1%,1092.14,6.3%,13839.63,79.6%,0
11,Brgy Poblacion,22107.23,5.9%,10762.37,48.7%,1671.59,7.6%,9673.27,43.8%,0
11,Brgy Binuni,38230.98,10.2%,9813.89,25.7%,18442.86,48.2%,9974.24,26.1%,1
11,Brgy Demologan,79855.03,21.3%,3279.64,4.1%,72763.59,91.1%,3811.79,4.8%,6
11,Brgy Mati,84115.98,22.4%,27927.86,33.2%,37526.80,44.6%,18661.33,22.2%,3
11,Brgy Babalaya,101660.78,27.1%,1362.57,1.3%,37340.60,36.7%,62957.61,61.9%,3
12,Brgy Liangan East,32665.73,8.7%,2234.91,6.8%,2565.47,7.9%,27865.36,85.3%,0
12,Brgy Ezperanza,16802.10,4.5%,2661.75,15.8%,1024.43,6.1%,13115.92,78.1%,0
12,Brgy Poblacion,21678.57,5.8%,10194.45,47.0%,1733.44,8.0%,9750.69,45.0%,0
12,Brgy Binuni,39583.43,10.6%,11170.54,28.2%,18555.63,46.9%,9857.25,24.9%,1
12,Brgy Demologan,102388.41,27.3%,1132.16,1.1%,35814.28,35.0%,65441.96,63.9%,2
12,Brgy Mati,85090.49,22.7%,3506.04,4.1%,77902.59,91.6%,3681.86,4.3%,6
12,Brgy Babalaya,76791.27,20.5%,26840.93,35.0%,35035.40,45.6%,14914.94,19.4%,2
12,Brgy Liangan East,32188.90,8.6%,2273.73,7.1%,2570.37,8.0%,27344.81,85.0%,0
12,Brgy Ezperanza,16898.21,4.5%,2680.64,15.9%,1045.73,6.2%,13171.84,77.9%,0
12,Brgy Poblacion,21485.35,5.7%,10104.17,47.0%,1761.25,8.2%,9619.93,44.8%,0
12,Brgy Binuni,40079.97,10.7%,11275.58,28.1%,18757.42,46.8%,10046.97,25.1%,1
12,Brgy Demologan,83893.95,22.4%,3570.84,4.3%,76656.57,91.4%,3666.54,4.4%,6
12,Brgy Mati,77164.53,20.6%,27404.22,35.5%,34689.34,45.0%,15070.97,19.5%,2
12,Brgy Babalaya,103289.06,27.5%,1139.73,1.1%,35540.23,34.4%,66609.11,64.5%,2
12,Brgy Liangan East,30979.70,8.3%,2208.51,7.1%,2766.20,8.9%,26005.00,83.9%,0
12,Brgy Ezperanza,16629.49,4.4%,2414.52,14.5%,1046.93,6.3%,13168.03,79.2%,0
12,Brgy Poblacion,21424.33,5.7%,10632.46,49.6%,1663.95,7.8%,9127.92,42.6%,0
12,Brgy Binuni,37634.62,10.0%,10117.19,26.9%,18119.75,48.1%,9397.68,25.0%,1
12,Brgy Demologan,82393.74,22.0%,3144.83,3.8%,75654.12,91.8%,3594.79,4.4%,6
12,Brgy Mati,82142.91,21.9%,27596.16,33.6%,36338.44,44.2%,18208.32,22.2%,3
12,Brgy Babalaya,103795.24,27.7%,1235.01,1.2%,38302.85,36.9%,64257.39,61.9%,3
12,Brgy Liangan East,30486.68,8.1%,2283.43,7.5%,2802.91,9.2%,25400.33,83.3%,0
12,Brgy Ezperanza,16615.93,4.4%,2445.99,14.7%,1077.98,6.5%,13091.96,78.8%,0
12,Brgy Poblacion,21308.79,5.7%,10689.73,50.2%,1716.30,8.1%,8902.75,41.8%,0
12,Brgy Binuni,38052.04,10.1%,10185.27,26.8%,18309.65,48.1%,9557.12,25.1%,1
12,Brgy Demologan,81427.68,21.7%,3222.34,4.0%,74633.31,91.7%,3572.03,4.4%,6
12,Brgy Mati,82905.04,22.1%,28147.98,34.0%,36205.60,43.7%,18551.46,22.4%,3
12,Brgy Babalaya,104203.86,27.8%,1274.17,1.2%,37990.24,36.5%,64939.45,62.3%,3
13,Brgy Liangan East,30931.64,8.2%,2294.30,7.4%,2789.61,9.0%,25847.73,83.6%,0
13,Brgy Ezperanza,16822.81,4.5%,2529.61,15.0%,1109.17,6.6%,13184.04,78.4%,0
13,Brgy Poblacion,21489.53,5.7%,10718.00,49.9%,1764.99,8.2%,9006.54,41.9%,0
13,Brgy Binuni,38557.71,10.3%,10800.03,28.0%,18234.99,47.3%,9522.70,24.7%,1
13,Brgy Demologan,80476.32,21.5%,3338.84,4.1%,73556.25,91.4%,3581.23,4.5%,6
13,Brgy Mati,81894.15,21.8%,27592.25,33.7%,35350.33,43.2%,18951.57,23.1%,2
13,Brgy Babalaya,104827.84,28.0%,1206.63,1.2%,38144.88,36.4%,65476.32,62.5%,3
1,Brgy Liangan East,24933.29,6.6%,5640.25,22.6%,10410.40,41.8%,8882.64,35.6%,0
1,Brgy Ezperanza,25628.70,6.8%,1699.83,6.6%,3810.06,14.9%,20118.80,78.5%,0
1,Brgy Poblacion,187500.00,50.0%,31543.28,16.8%,66077.69,35.2%,89879.03,47.9%,5
1,Brgy Binuni,24604.44,6.6%,1304.31,5.3%,11606.96,47.2%,11693.17,47.5%,0
1,Brgy Demologan,28486.76,7.6%,1896.72,6.7%,13505.18,47.4%,13084.86,45.9%,1
1,Brgy Mati,61188.16,16.3%,29260.25,47.8%,19111.32,31.2%,12816.58,20.9%,1
1,Brgy Babalaya,22658.65,6.0%,10707.36,47.3%,2044.42,9.0%,9906.87,43.7%,0
13,Brgy Liangan East,31410.25,8.4%,2109.33,6.7%,2695.70,8.6%,26605.22,84.7%,0
13,Brgy Ezperanza,16725.63,4.5%,2409.35,14.4%,1027.83,6.1%,13288.45,79.4%,0
13,Brgy Poblacion,21215.41,5.7%,10280.49,48.5%,1619.28,7.6%,9315.64,43.9%,0
13,Brgy Binuni,37637.26,10.0%,10394.23,27.6%,18026.83,47.9%,9216.20,24.5%,1
13,Brgy Demologan,105129.55,28.0%,1136.93,1.1%,38980.55,37.1%,65012.07,61.8%,3
13,Brgy Mati,82785.47,22.1%,3096.10,3.7%,76085.04,91.9%,3604.34,4.4%,6
13,Brgy Babalaya,80096.45,21.4%,27059.15,33.8%,35381.67,44.2%,17655.63,22.0%,2
13,Brgy Liangan East,106055.42,28.3%,1131.16,1.1%,38556.81,36.4%,66367.45,62.6%,3
13,Brgy Ezperanza,16806.27,4.5%,2418.63,14.4%,1040.46,6.2%,13347.17,79.4%,0
13,Brgy Poblacion,21036.00,5.6%,10182.74,48.4%,1633.27,7.8%,9219.99,43.8%,0
13,Brgy Binuni,38135.48,10.2%,10540.10,27.6%,18191.07,47.7%,9404.31,24.7%,1
13,Brgy Demologan,81613.27,21.8%,3150.53,3.9%,74887.91,91.8%,3574.84,4.4%,6
13,Brgy Mati,31004.12,8.3%,2125.19,6.9%,2679.74,8.6%,26199.18,84.5%,0
13,Brgy Babalaya,80349.43,21.4%,27566.23,34.3%,35027.16,43.6%,17756.04,22.1%,2
13,Brgy Liangan East,31068.13,8.3%,2095.40,6.7%,2632.91,8.5%,26339.82,84.8%,0
13,Brgy Ezperanza,106877.05,28.5%,1103.36,1.0%,38222.50,35.8%,67551.19,63.2%,3
13,Brgy Poblacion,20897.76,5.6%,9820.25,47.0%,1605.98,7.7%,9471.53,45.3%,0
13,Brgy Binuni,38522.11,10.3%,10547.17,27.4%,18371.48,47.7%,9603.46,24.9%,1
13,Brgy Demologan,80537.99,21.5%,3158.15,3.9%,73723.18,91.5%,3656.66,4.5%,6
13,Brgy Mati,17158.64,4.6%,2412.13,14.1%,1037.26,6.0%,13709.24,79.9%,0
13,Brgy Babalaya,79938.34,21.3%,27828.86,34.8%,34729.79,43.4%,17379.68,21.7%,2
2,Brgy Liangan East,224999.16,60.0%,14844.96,6.6%,14832.45,6.6%,195321.75,86.8%,1
2,Brgy Ezperanza,149833.36,40.0%,16011.39,10.7%,8921.87,6.0%,124900.10,83.4%,0
2,Brgy Poblacion,17.84,0.0%,6.44,36.1%,0.81,4.5%,10.59,59.4%,0
2,Brgy Binuni,24.33,0.0%,3.72,15.3%,11.16,45.9%,9.45,38.8%,0
2,Brgy Demologan,31.97,0.0%,2.71,8.5%,25.43,79.5%,3.84,12.0%,0
2,Brgy Mati,41.37,0.0%,2.02,4.9%,13.91,33.6%,25.44,61.5%,0
2,Brgy Babalaya,51.99,0.0%,15.52,29.9%,26.44,50.9%,10.02,19.3%,0
3,Brgy Liangan East,56.06,0.0%,3.85,6.9%,4.67,8.3%,47.54,84.8%,0
3,Brgy Ezperanza,374464.44,99.9%,35743.29,9.5%,22978.81,6.1%,315742.34,84.3%,1
3,Brgy Poblacion,44.89,0.0%,19.48,43.4%,2.09,4.6%,23.32,52.0%,0
3,Brgy Binuni,58.31,0.0%,9.02,15.5%,28.51,48.9%,20.78,35.6%,0
3,Brgy Demologan,91.99,0.0%,5.56,6.0%,77.46,84.2%,8.97,9.8%,0
3,Brgy Mati,121.93,0.0%,5.41,4.4%,48.32,39.6%,68.20,55.9%,0
3,Brgy Babalaya,162.40,0.0%,43.16,26.6%,77.81,47.9%,41.42,25.5%,0
4,Brgy Liangan East,35704.00,9.5%,2695.27,7.5%,3421.44,9.6%,29587.29,82.9%,0
4,Brgy Ezperanza,21879.52,5.8%,2390.94,10.9%,1358.16,6.2%,18130.42,82.9%,0
4,Brgy Poblacion,27898.88,7.4%,12690.52,45.5%,1531.09,5.5%,13677.28,49.0%,0
4,Brgy Binuni,37181.95,9.9%,6049.38,16.3%,18482.43,49.7%,12650.13,34.0%,1
4,Brgy Demologan,103026.66,27.5%,26864.18,26.1%,51223.97,49.7%,24938.50,24.2%,4
4,Brgy Mati,81618.11,21.8%,3434.76,4.2%,34604.78,42.4%,43578.57,53.4%,2
4,Brgy Babalaya,67690.88,18.1%,3323.48,4.9%,58515.93,86.4%,5851.48,8.6%,4
5,Brgy Liangan East,35565.29,9.5%,2646.73,7.4%,3092.23,8.7%,29826.33,83.9%,0
5,Brgy Ezperanza,20968.70,5.6%,2499.72,11.9%,1293.53,6.2%,17175.45,81.9%,0
5,Brgy Poblacion,26754.46,7.1%,12221.31,45.7%,1575.66,5.9%,12957.48,48.4%,0
5,Brgy Binuni,38507.90,10.3%,6944.62,18.0%,18861.90,49.0%,12701.39,33.0%,1
5,Brgy Demologan,70695.73,18.9%,3568.64,5.0%,61824.75,87.5%,5302.34,7.5%,5
5,Brgy Mati,84620.72,22.6%,2848.68,3.4%,33915.31,40.1%,47856.73,56.6%,2
5,Brgy Babalaya,97887.20,26.1%,27295.84,27.9%,48274.28,49.3%,22317.08,22.8%,4
6,Brgy Liangan East,34853.75,9.3%,2591.73,7.4%,3031.92,8.7%,29230.11,83.9%,0
6,Brgy Ezperanza,20619.60,5.5%,2513.85,12.2%,1271.01,6.2%,16834.74,81.6%,0
6,Brgy Poblacion,25891.90,6.9%,11789.22,45.5%,1604.96,6.2%,12497.73,48.3%,0
6,Brgy Binuni,38965.12,10.4%,7468.80,19.2%,19062.34,48.9%,12433.97,31.9%,1
6,Brgy Demologan,71452.66,19.1%,3581.61,5.0%,62791.63,87.9%,5079.42,7.1%,5
6,Brgy Mati,87883.31,23.4%,2479.94,2.8%,34228.66,38.9%,51174.71,58.2%,2
6,Brgy Babalaya,95333.62,25.4%,27845.35,29.2%,46051.33,48.3%,21436.94,22.5%,3
7,Brgy Liangan East,34072.53,9.1%,2547.79,7.5%,3029.09,8.9%,28495.65,83.6%,0
7,Brgy Ezperanza,19524.18,5.2%,2489.98,12.8%,1222.32,6.3%,15811.89,81.0%,0
7,Brgy Poblacion,25113.14,6.7%,11884.60,47.3%,1631.06,6.5%,11597.48,46.2%,0
7,Brgy Binuni,38287.75,10.2%,7830.07,20.5%,18753.33,49.0%,11704.35,30.6%,1
7,Brgy Demologan,74235.41,19.8%,3467.43,4.7%,66061.91,89.0%,4706.07,6.3%,5
7,Brgy Mati,90110.42,24.0%,2252.86,2.5%,35441.92,39.3%,52415.64,58.2%,2
7,Brgy Babalaya,93656.57,25.0%,27580.09,29.4%,44737.09,47.8%,21339.39,22.8%,3
8,Brgy Liangan East,33177.09,8.8%,2479.07,7.5%,2895.21,8.7%,27802.81,83.8%,0
8,Brgy Ezperanza,18898.78,5.0%,2487.56,13.2%,1193.55,6.3%,15217.67,80.5%,0
8,Brgy Poblacion,24110.73,6.4%,11578.68,48.0%,1648.57,6.8%,10883.49,45.1%,0
8,Brgy Binuni,38636.05,10.3%,8469.04,21.9%,18814.45,48.7%,11352.56,29.4%,1
8,Brgy Demologan,75085.26,20.0%,3503.59,4.7%,67236.77,89.5%,4344.89,5.8%,5
8,Brgy Mati,91377.36,24.4%,28100.36,30.8%,42516.77,46.5%,20760.23,22.7%,3
8,Brgy Babalaya,93714.73,25.0%,1941.46,2.1%,35559.44,37.9%,56213.84,60.0%,2
9,Brgy Liangan East,32637.31,8.7%,2435.81,7.5%,2926.95,9.0%,27274.55,83.6%,0
9,Brgy Ezperanza,18562.45,4.9%,2486.24,13.4%,1170.20,6.3%,14906.01,80.3%,0
9,Brgy Poblacion,23481.08,6.3%,11225.20,47.8%,1668.64,7.1%,10587.23,45.1%,0
9,Brgy Binuni,38558.95,10.3%,8819.16,22.9%,18781.68,48.7%,10958.11,28.4%,1
9,Brgy Demologan,76428.18,20.4%,3406.47,4.5%,68760.14,90.0%,4261.56,5.6%,5
9,Brgy Mati,89025.95,23.7%,28174.24,31.6%,40842.23,45.9%,20009.49,22.5%,3
9,Brgy Babalaya,96306.12,25.7%,1758.13,1.8%,36281.12,37.7%,58266.87,60.5%,3
10,Brgy Liangan East,32821.08,8.8%,2187.06,6.7%,2733.00,8.3%,27901.02,85.0%,0
10,Brgy Ezperanza,18098.50,4.8%,2385.99,13.2%,1059.83,5.9%,14652.68,81.0%,0
10,Brgy Poblacion,22612.13,6.0%,10502.09,46.4%,1549.15,6.9%,10560.89,46.7%,0
10,Brgy Binuni,37975.88,10.1%,9149.16,24.1%,18497.53,48.7%,10329.19,27.2%,1
10,Brgy Demologan,99405.41,26.5%,1436.78,1.4%,37098.64,37.3%,60869.98,61.2%,3
10,Brgy Mati,79221.07,21.1%,3184.67,4.0%,71954.23,90.8%,4082.17,5.2%,5
10,Brgy Babalaya,84865.94,22.6%,27537.27,32.4%,39059.92,46.0%,18268.74,21.5%,3
11,Brgy Liangan East,32283.27,8.6%,2231.64,6.9%,2790.13,8.6%,27261.49,84.4%,0
11,Brgy Ezperanza,17483.27,4.7%,2433.67,13.9%,1071.94,6.1%,13977.67,79.9%,0
11,Brgy Poblacion,22281.66,5.9%,10712.72,48.1%,1630.46,7.3%,9938.49,44.6%,0
11,Brgy Binuni,37775.22,10.1%,9657.21,25.6%,18285.96,48.4%,9832.05,26.0%,1
11,Brgy Demologan,100935.41,26.9%,1349.52,1.3%,37581.21,37.2%,62004.68,61.4%,3
11,Brgy Mati,80587.19,21.5%,3201.71,4.0%,73485.76,91.2%,3899.73,4.8%,6
11,Brgy Babalaya,83653.97,22.3%,27337.81,32.7%,37845.69,45.2%,18470.48,22.1%,3
12,Brgy Liangan East,31508.75,8.4%,2260.40,7.2%,2819.27,8.9%,26429.09,83.9%,0
12,Brgy Ezperanza,16913.85,4.5%,2471.15,14.6%,1073.10,6.3%,13369.60,79.0%,0
12,Brgy Poblacion,21811.34,5.8%,10743.83,49.3%,1703.26,7.8%,9364.25,42.9%,0
12,Brgy Binuni,37828.03,10.1%,10200.16,27.0%,18148.18,48.0%,9479.68,25.1%,1
12,Brgy Demologan,81817.19,21.8%,3211.25,3.9%,74889.80,91.5%,3716.13,4.5%,6
12,Brgy Mati,82248.66,21.9%,27311.56,33.2%,36517.92,44.4%,18419.19,22.4%,3
12,Brgy Babalaya,102872.16,27.4%,1256.84,1.2%,38010.82,36.9%,63604.51,61.8%,3
13,Brgy Liangan East,31165.17,8.3%,2188.26,7.0%,2745.09,8.8%,26231.82,84.2%,0
13,Brgy Ezperanza,16730.88,4.5%,2457.19,14.7%,1052.51,6.3%,13221.19,79.0%,0
13,Brgy Poblacion,21321.21,5.7%,10435.33,48.9%,1677.13,7.9%,9208.75,43.2%,0
13,Brgy Binuni,37992.16,10.1%,10507.32,27.7%,18096.09,47.6%,9388.75,24.7%,1
13,Brgy Demologan,104730.44,27.9%,1176.92,1.1%,38730.40,37.0%,64823.12,61.9%,3
13,Brgy Mati,82278.38,21.9%,3172.83,3.9%,75495.62,91.8%,3609.93,4.4%,6
13,Brgy Babalaya,80781.74,21.5%,27203.86,33.7%,35502.46,43.9%,18075.43,22.4%,2
