Quarter,Barangay,Local_Base_Budget_PHP,Local_IEC_PHP,Local_IEC_%,Local_Enf_PHP,Local_Enf_%,Local_Inc_PHP,Local_Inc_%,Local_Tanods_Active,Local_Compliance
1,Brgy Liangan East,7500.00,750.00,10.0%,1875.00,25.0%,4875.00,65.0%,0,15.13%
1,Brgy Ezperanza,22500.00,4500.00,20.0%,11250.00,50.0%,6750.00,30.0%,0,13.59%
1,Brgy Poblacion,50000.00,10000.00,20.0%,30000.00,60.0%,10000.00,20.0%,1,1.96%
1,Brgy Binuni,31592.50,6318.50,20.0%,12637.00,40.0%,12637.00,40.0%,0,18.54%
1,Brgy Demologan,5250.00,262.50,5.0%,4462.50,85.0%,525.00,10.0%,0,11.45%
1,Brgy Mati,20000.00,4000.00,20.0%,6000.00,30.0%,10000.00,50.0%,0,10.91%
1,Brgy Babalaya,3750.00,187.50,5.0%,3375.00,90.0%,187.50,5.0%,0,15.20%
1,Brgy Liangan East,7500.00,750.00,10.0%,1875.00,25.0%,4875.00,65.0%,0,12.83%
1,Brgy Ezperanza,22500.00,4500.00,20.0%,11250.00,50.0%,6750.00,30.0%,0,13.59%
1,Brgy Poblacion,50000.00,10000.00,20.0%,30000.00,60.0%,10000.00,20.0%,1,1.30%
1,Brgy Binuni,31592.50,6318.50,20.0%,12637.00,40.0%,12637.00,40.0%,0,19.53%
1,Brgy Demologan,5250.00,262.50,5.0%,4462.50,85.0%,525.00,10.0%,0,8.64%
1,Brgy Mati,20000.00,4000.00,20.0%,6000.00,30.0%,10000.00,50.0%,0,12.12%
1,Brgy Babalaya,3750.00,187.50,5.0%,3375.00,90.0%,187.50,5.0%,0,12.87%
1,Brgy Liangan East,7500.00,750.00,10.0%,1875.00,25.0%,4875.00,65.0%,0,12.83%
1,Brgy Ezperanza,22500.00,4500.00,20.0%,11250.00,50.0%,6750.00,30.0%,0,15.68%
1,Brgy Poblacion,50000.00,10000.00,20.0%,30000.00,60.0%,10000.00,20.0%,1,1.30%
1,Brgy Binuni,31592.50,6318.50,20.0%,12637.00,40.0%,12637.00,40.0%,0,14.79%
1,Brgy Demologan,5250.00,262.50,5.0%,4462.50,85.0%,525.00,10.0%,0,11.02%
1,Brgy Mati,20000.00,4000.00,20.0%,6000.00,30.0%,10000.00,50.0%,0,11.52%
1,Brgy Babalaya,3750.00,187.50,5.0%,3375.00,90.0%,187.50,5.0%,0,16.96%
1,Brgy Liangan East,7500.00,750.00,10.0%,1875.00,25.0%,4875.00,65.0%,0,13.82%
1,Brgy Ezperanza,22500.00,4500.00,20.0%,11250.00,50.0%,6750.00,30.0%,0,13.24%
1,Brgy Poblacion,50000.00,10000.00,20.0%,30000.00,60.0%,10000.00,20.0%,1,1.69%
1,Brgy Binuni,31592.50,6318.50,20.0%,12637.00,40.0%,12637.00,40.0%,0,15.19%
1,Brgy Demologan,5250.00,262.50,5.0%,4462.50,85.0%,525.00,10.0%,0,11.45%
1,Brgy Mati,20000.00,4000.00,20.0%,6000.00,30.0%,10000.00,50.0%,0,14.55%
1,Brgy Babalaya,3750.00,187.50,5.0%,3375.00,90.0%,187.50,5.0%,0,11.11%
2,Brgy Liangan East,7500.00,750.00,10.0%,1875.00,25.0%,4875.00,65.0%,0,0.00%
2,Brgy Ezperanza,22500.00,4500.00,20.0%,11250.00,50.0%,6750.00,30.0%,0,0.00%
2,Brgy Poblacion,50000.00,10000.00,20.0%,30000.00,60.0%,10000.00,20.0%,1,89.31%
2,Brgy Binuni,31592.50,6318.50,20.0%,12637.00,40.0%,12637.00,40.0%,0,94.08%
2,Brgy Demologan,5250.00,262.50,5.0%,4462.50,85.0%,525.00,10.0%,0,90.93%
2,Brgy Mati,20000.00,4000.00,20.0%,6000.00,30.0%,10000.00,50.0%,0,100.00%
2,Brgy Babalaya,3750.00,187.50,5.0%,3375.00,90.0%,187.50,5.0%,0,91.81%
2,Brgy Liangan East,7500.00,750.00,10.0%,1875.00,25.0%,4875.00,65.0%,0,0.00%
2,Brgy Ezperanza,22500.00,4500.00,20.0%,11250.00,50.0%,6750.00,30.0%,0,0.00%
2,Brgy Poblacion,50000.00,10000.00,20.0%,30000.00,60.0%,10000.00,20.0%,1,90.22%
2,Brgy Binuni,31592.50,6318.50,20.0%,12637.00,40.0%,12637.00,40.0%,0,96.25%
2,Brgy Demologan,5250.00,262.50,5.0%,4462.50,85.0%,525.00,10.0%,0,88.98%
2,Brgy Mati,20000.00,4000.00,20.0%,6000.00,30.0%,10000.00,50.0%,0,98.79%
2,Brgy Babalaya,3750.00,187.50,5.0%,3375.00,90.0%,187.50,5.0%,0,86.55%
2,Brgy Liangan East,7500.00,750.00,10.0%,1875.00,25.0%,4875.00,65.0%,0,0.00%
2,Brgy Ezperanza,22500.00,4500.00,20.0%,11250.00,50.0%,6750.00,30.0%,0,0.00%
2,Brgy Poblacion,50000.00,10000.00,20.0%,30000.00,60.0%,10000.00,20.0%,1,92.63%
2,Brgy Binuni,31592.50,6318.50,20.0%,12637.00,40.0%,12637.00,40.0%,0,94.08%
2,Brgy Demologan,5250.00,262.50,5.0%,4462.50,85.0%,525.00,10.0%,0,90.93%
2,Brgy Mati,20000.00,4000.00,20.0%,6000.00,30.0%,10000.00,50.0%,0,99.39%
2,Brgy Babalaya,3750.00,187.50,5.0%,3375.00,90.0%,187.50,5.0%,0,90.06%
2,Brgy Liangan East,7500.00,750.00,10.0%,1875.00,25.0%,4875.00,65.0%,0,0.00%
2,Brgy Ezperanza,22500.00,4500.00,20.0%,11250.00,50.0%,6750.00,30.0%,0,0.00%
2,Brgy Poblacion,50000.00,10000.00,20.0%,30000.00,60.0%,10000.00,20.0%,1,90.55%
2,Brgy Binuni,31592.50,6318.50,20.0%,12637.00,40.0%,12637.00,40.0%,0,94.48%
2,Brgy Demologan,5250.00,262.50,5.0%,4462.50,85.0%,525.00,10.0%,0,90.93%
2,Brgy Mati,20000.00,4000.00,20.0%,6000.00,30.0%,10000.00,50.0%,0,99.39%
2,Brgy Babalaya,3750.00,187.50,5.0%,3375.00,90.0%,187.50,5.0%,0,88.30%
3,Brgy Liangan East,7500.00,750.00,10.0%,1875.00,25.0%,4875.00,65.0%,0,0.00%
3,Brgy Ezperanza,22500.00,4500.00,20.0%,11250.00,50.0%,6750.00,30.0%,0,0.00%
3,Brgy Poblacion,50000.00,10000.00,20.0%,30000.00,60.0%,10000.00,20.0%,1,89.83%
3,Brgy Binuni,31592.50,6318.50,20.0%,12637.00,40.0%,12637.00,40.0%,0,94.08%
3,Brgy Demologan,5250.00,262.50,5.0%,4462.50,85.0%,525.00,10.0%,0,89.63%
3,Brgy Mati,20000.00,4000.00,20.0%,6000.00,30.0%,10000.00,50.0%,0,98.79%
3,Brgy Babalaya,3750.00,187.50,5.0%,3375.00,90.0%,187.50,5.0%,0,85.96%
3,Brgy Liangan East,7500.00,750.00,10.0%,1875.00,25.0%,4875.00,65.0%,0,0.00%
3,Brgy Ezperanza,22500.00,4500.00,20.0%,11250.00,50.0%,6750.00,30.0%,0,0.00%
3,Brgy Poblacion,50000.00,10000.00,20.0%,30000.00,60.0%,10000.00,20.0%,1,91.59%
3,Brgy Binuni,31592.50,6318.50,20.0%,12637.00,40.0%,12637.00,40.0%,0,95.27%
3,Brgy Demologan,5250.00,262.50,5.0%,4462.50,85.0%,525.00,10.0%,0,92.22%
3,Brgy Mati,20000.00,4000.00,20.0%,6000.00,30.0%,10000.00,50.0%,0,99.39%
3,Brgy Babalaya,3750.00,187.50,5.0%,3375.00,90.0%,187.50,5.0%,0,87.72%
3,Brgy Liangan East,7500.00,750.00,10.0%,1875.00,25.0%,4875.00,65.0%,0,0.00%
3,Brgy Ezperanza,22500.00,4500.00,20.0%,11250.00,50.0%,6750.00,30.0%,0,0.00%
3,Brgy Poblacion,50000.00,10000.00,20.0%,30000.00,60.0%,10000.00,20.0%,1,89.18%
3,Brgy Binuni,31592.50,6318.50,20.0%,12637.00,40.0%,12637.00,40.0%,0,92.31%
3,Brgy Demologan,5250.00,262.50,5.0%,4462.50,85.0%,525.00,10.0%,0,88.12%
3,Brgy Mati,20000.00,4000.00,20.0%,6000.00,30.0%,10000.00,50.0%,0,100.00%
3,Brgy Babalaya,3750.00,187.50,5.0%,3375.00,90.0%,187.50,5.0%,0,86.55%
3,Brgy Liangan East,7500.00,750.00,10.0%,1875.00,25.0%,4875.00,65.0%,0,0.00%
3,Brgy Ezperanza,22500.00,4500.00,20.0%,11250.00,50.0%,6750.00,30.0%,0,0.00%
3,Brgy Poblacion,50000.00,10000.00,20.0%,30000.00,60.0%,10000.00,20.0%,1,90.74%
3,Brgy Binuni,31592.50,6318.50,20.0%,12637.00,40.0%,12637.00,40.0%,0,92.90%
3,Brgy Demologan,5250.00,262.50,5.0%,4462.50,85.0%,525.00,10.0%,0,89.42%
3,Brgy Mati,20000.00,4000.00,20.0%,6000.00,30.0%,10000.00,50.0%,0,99.39%
3,Brgy Babalaya,3750.00,187.50,5.0%,3375.00,90.0%,187.50,5.0%,0,86.55%
4,Brgy Liangan East,7500.00,750.00,10.0%,1875.00,25.0%,4875.00,65.0%,0,0.00%
4,Brgy Ezperanza,22500.00,4500.00,20.0%,11250.00,50.0%,6750.00,30.0%,0,0.00%
4,Brgy Poblacion,50000.00,10000.00,20.0%,30000.00,60.0%,10000.00,20.0%,1,90.68%
4,Brgy Binuni,31592.50,6318.50,20.0%,12637.00,40.0%,12637.00,40.0%,0,93.49%
4,Brgy Demologan,5250.00,262.50,5.0%,4462.50,85.0%,525.00,10.0%,0,90.93%
4,Brgy Mati,20000.00,4000.00,20.0%,6000.00,30.0%,10000.00,50.0%,0,99.39%
4,Brgy Babalaya,3750.00,187.50,5.0%,3375.00,90.0%,187.50,5.0%,0,90.06%
4,Brgy Liangan East,7500.00,750.00,10.0%,1875.00,25.0%,4875.00,65.0%,0,0.00%
4,Brgy Ezperanza,22500.00,4500.00,20.0%,11250.00,50.0%,6750.00,30.0%,0,0.00%
4,Brgy Poblacion,50000.00,10000.00,20.0%,30000.00,60.0%,10000.00,20.0%,1,90.74%
4,Brgy Binuni,31592.50,6318.50,20.0%,12637.00,40.0%,12637.00,40.0%,0,95.66%
4,Brgy Demologan,5250.00,262.50,5.0%,4462.50,85.0%,525.00,10.0%,0,88.12%
4,Brgy Mati,20000.00,4000.00,20.0%,6000.00,30.0%,10000.00,50.0%,0,100.00%
4,Brgy Babalaya,3750.00,187.50,5.0%,3375.00,90.0%,187.50,5.0%,0,90.06%
4,Brgy Liangan East,7500.00,750.00,10.0%,1875.00,25.0%,4875.00,65.0%,0,0.00%
4,Brgy Ezperanza,22500.00,4500.00,20.0%,11250.00,50.0%,6750.00,30.0%,0,0.00%
4,Brgy Poblacion,50000.00,10000.00,20.0%,30000.00,60.0%,10000.00,20.0%,1,90.68%
4,Brgy Binuni,31592.50,6318.50,20.0%,12637.00,40.0%,12637.00,40.0%,0,97.63%
4,Brgy Demologan,5250.00,262.50,5.0%,4462.50,85.0%,525.00,10.0%,0,90.28%
4,Brgy Mati,20000.00,4000.00,20.0%,6000.00,30.0%,10000.00,50.0%,0,96.36%
4,Brgy Babalaya,3750.00,187.50,5.0%,3375.00,90.0%,187.50,5.0%,0,90.64%
4,Brgy Liangan East,7500.00,750.00,10.0%,1875.00,25.0%,4875.00,65.0%,0,0.00%
4,Brgy Ezperanza,22500.00,4500.00,20.0%,11250.00,50.0%,6750.00,30.0%,0,0.00%
4,Brgy Poblacion,50000.00,10000.00,20.0%,30000.00,60.0%,10000.00,20.0%,1,91.00%
4,Brgy Binuni,31592.50,6318.50,20.0%,12637.00,40.0%,12637.00,40.0%,0,94.28%
4,Brgy Demologan,5250.00,262.50,5.0%,4462.50,85.0%,525.00,10.0%,0,91.79%
4,Brgy Mati,20000.00,4000.00,20.0%,6000.00,30.0%,10000.00,50.0%,0,100.00%
4,Brgy Babalaya,3750.00,187.50,5.0%,3375.00,90.0%,187.50,5.0%,0,90.64%
5,Brgy Liangan East,7500.00,750.00,10.0%,1875.00,25.0%,4875.00,65.0%,0,0.00%
5,Brgy Ezperanza,22500.00,4500.00,20.0%,11250.00,50.0%,6750.00,30.0%,0,0.00%
5,Brgy Poblacion,50000.00,10000.00,20.0%,30000.00,60.0%,10000.00,20.0%,1,89.90%
5,Brgy Binuni,31592.50,6318.50,20.0%,12637.00,40.0%,12637.00,40.0%,0,93.89%
5,Brgy Demologan,5250.00,262.50,5.0%,4462.50,85.0%,525.00,10.0%,0,91.36%
5,Brgy Mati,20000.00,4000.00,20.0%,6000.00,30.0%,10000.00,50.0%,0,100.00%
5,Brgy Babalaya,3750.00,187.50,5.0%,3375.00,90.0%,187.50,5.0%,0,87.72%
5,Brgy Liangan East,7500.00,750.00,10.0%,1875.00,25.0%,4875.00,65.0%,0,0.00%
5,Brgy Ezperanza,22500.00,4500.00,20.0%,11250.00,50.0%,6750.00,30.0%,0,0.00%
5,Brgy Poblacion,50000.00,10000.00,20.0%,30000.00,60.0%,10000.00,20.0%,1,90.81%
5,Brgy Binuni,31592.50,6318.50,20.0%,12637.00,40.0%,12637.00,40.0%,0,96.25%
5,Brgy Demologan,5250.00,262.50,5.0%,4462.50,85.0%,525.00,10.0%,0,89.20%
5,Brgy Mati,20000.00,4000.00,20.0%,6000.00,30.0%,10000.00,50.0%,0,98.79%
5,Brgy Babalaya,3750.00,187.50,5.0%,3375.00,90.0%,187.50,5.0%,0,89.47%
5,Brgy Liangan East,7500.00,750.00,10.0%,1875.00,25.0%,4875.00,65.0%,0,0.00%
5,Brgy Ezperanza,22500.00,4500.00,20.0%,11250.00,50.0%,6750.00,30.0%,0,0.00%
5,Brgy Poblacion,50000.00,10000.00,20.0%,30000.00,60.0%,10000.00,20.0%,1,90.74%
5,Brgy Binuni,31592.50,6318.50,20.0%,12637.00,40.0%,12637.00,40.0%,0,92.50%
5,Brgy Demologan,5250.00,262.50,5.0%,4462.50,85.0%,525.00,10.0%,0,90.50%
5,Brgy Mati,20000.00,4000.00,20.0%,6000.00,30.0%,10000.00,50.0%,0,98.79%
5,Brgy Babalaya,3750.00,187.50,5.0%,3375.00,90.0%,187.50,5.0%,0,92.40%
5,Brgy Liangan East,7500.00,750.00,10.0%,1875.00,25.0%,4875.00,65.0%,0,0.00%
5,Brgy Ezperanza,22500.00,4500.00,20.0%,11250.00,50.0%,6750.00,30.0%,0,0.00%
5,Brgy Poblacion,50000.00,10000.00,20.0%,30000.00,60.0%,10000.00,20.0%,1,92.24%
5,Brgy Binuni,31592.50,6318.50,20.0%,12637.00,40.0%,12637.00,40.0%,0,93.29%
5,Brgy Demologan,5250.00,262.50,5.0%,4462.50,85.0%,525.00,10.0%,0,89.20%
5,Brgy Mati,20000.00,4000.00,20.0%,6000.00,30.0%,10000.00,50.0%,0,98.79%
5,Brgy Babalaya,3750.00,187.50,5.0%,3375.00,90.0%,187.50,5.0%,0,89.47%
6,Brgy Liangan East,7500.00,750.00,10.0%,1875.00,25.0%,4875.00,65.0%,0,0.00%
6,Brgy Ezperanza,22500.00,4500.00,20.0%,11250.00,50.0%,6750.00,30.0%,0,0.00%
6,Brgy Poblacion,50000.00,10000.00,20.0%,30000.00,60.0%,10000.00,20.0%,1,91.46%
6,Brgy Binuni,31592.50,6318.50,20.0%,12637.00,40.0%,12637.00,40.0%,0,93.49%
6,Brgy Demologan,5250.00,262.50,5.0%,4462.50,85.0%,525.00,10.0%,0,87.90%
6,Brgy Mati,20000.00,4000.00,20.0%,6000.00,30.0%,10000.00,50.0%,0,99.39%
6,Brgy Babalaya,3750.00,187.50,5.0%,3375.00,90.0%,187.50,5.0%,0,91.81%
6,Brgy Liangan East,7500.00,750.00,10.0%,1875.00,25.0%,4875.00,65.0%,0,0.00%
6,Brgy Ezperanza,22500.00,4500.00,20.0%,11250.00,50.0%,6750.00,30.0%,0,0.00%
6,Brgy Poblacion,50000.00,10000.00,20.0%,30000.00,60.0%,10000.00,20.0%,1,91.26%
6,Brgy Binuni,31592.50,6318.50,20.0%,12637.00,40.0%,12637.00,40.0%,0,94.67%
6,Brgy Demologan,5250.00,262.50,5.0%,4462.50,85.0%,525.00,10.0%,0,89.42%
6,Brgy Mati,20000.00,4000.00,20.0%,6000.00,30.0%,10000.00,50.0%,0,98.18%
6,Brgy Babalaya,3750.00,187.50,5.0%,3375.00,90.0%,187.50,5.0%,0,90.64%
6,Brgy Liangan East,7500.00,750.00,10.0%,1875.00,25.0%,4875.00,65.0%,0,0.00%
6,Brgy Ezperanza,22500.00,4500.00,20.0%,11250.00,50.0%,6750.00,30.0%,0,0.00%
6,Brgy Poblacion,50000.00,10000.00,20.0%,30000.00,60.0%,10000.00,20.0%,1,90.35%
6,Brgy Binuni,31592.50,6318.50,20.0%,12637.00,40.0%,12637.00,40.0%,0,92.70%
6,Brgy Demologan,5250.00,262.50,5.0%,4462.50,85.0%,525.00,10.0%,0,90.06%
6,Brgy Mati,20000.00,4000.00,20.0%,6000.00,30.0%,10000.00,50.0%,0,99.39%
6,Brgy Babalaya,3750.00,187.50,5.0%,3375.00,90.0%,187.50,5.0%,0,92.98%
6,Brgy Liangan East,7500.00,750.00,10.0%,1875.00,25.0%,4875.00,65.0%,0,0.00%
6,Brgy Ezperanza,22500.00,4500.00,20.0%,11250.00,50.0%,6750.00,30.0%,0,0.00%
6,Brgy Poblacion,50000.00,10000.00,20.0%,30000.00,60.0%,10000.00,20.0%,1,91.07%
6,Brgy Binuni,31592.50,6318.50,20.0%,12637.00,40.0%,12637.00,40.0%,0,92.31%
6,Brgy Demologan,5250.00,262.50,5.0%,4462.50,85.0%,525.00,10.0%,0,90.93%
6,Brgy Mati,20000.00,4000.00,20.0%,6000.00,30.0%,10000.00,50.0%,0,99.39%
6,Brgy Babalaya,3750.00,187.50,5.0%,3375.00,90.0%,187.50,5.0%,0,87.72%
7,Brgy Liangan East,7500.00,750.00,10.0%,1875.00,25.0%,4875.00,65.0%,0,0.00%
7,Brgy Ezperanza,22500.00,4500.00,20.0%,11250.00,50.0%,6750.00,30.0%,0,0.00%
7,Brgy Poblacion,50000.00,10000.00,20.0%,30000.00,60.0%,10000.00,20.0%,1,90.81%
7,Brgy Binuni,31592.50,6318.50,20.0%,12637.00,40.0%,12637.00,40.0%,0,93.10%
7,Brgy Demologan,5250.00,262.50,5.0%,4462.50,85.0%,525.00,10.0%,0,88.12%
7,Brgy Mati,20000.00,4000.00,20.0%,6000.00,30.0%,10000.00,50.0%,0,98.18%
7,Brgy Babalaya,3750.00,187.50,5.0%,3375.00,90.0%,187.50,5.0%,0,89.47%
7,Brgy Liangan East,7500.00,750.00,10.0%,1875.00,25.0%,4875.00,65.0%,0,0.00%
7,Brgy Ezperanza,22500.00,4500.00,20.0%,11250.00,50.0%,6750.00,30.0%,0,0.00%
7,Brgy Poblacion,50000.00,10000.00,20.0%,30000.00,60.0%,10000.00,20.0%,1,89.63%
7,Brgy Binuni,31592.50,6318.50,20.0%,12637.00,40.0%,12637.00,40.0%,0,93.69%
7,Brgy Demologan,5250.00,262.50,5.0%,4462.50,85.0%,525.00,10.0%,0,89.63%
7,Brgy Mati,20000.00,4000.00,20.0%,6000.00,30.0%,10000.00,50.0%,0,96.97%
7,Brgy Babalaya,3750.00,187.50,5.0%,3375.00,90.0%,187.50,5.0%,0,90.64%
7,Brgy Liangan East,7500.00,750.00,10.0%,1875.00,25.0%,4875.00,65.0%,0,0.00%
7,Brgy Ezperanza,22500.00,4500.00,20.0%,11250.00,50.0%,6750.00,30.0%,0,0.00%
7,Brgy Poblacion,50000.00,10000.00,20.0%,30000.00,60.0%,10000.00,20.0%,1,90.03%
7,Brgy Binuni,31592.50,6318.50,20.0%,12637.00,40.0%,12637.00,40.0%,0,93.89%
7,Brgy Demologan,5250.00,262.50,5.0%,4462.50,85.0%,525.00,10.0%,0,91.79%
7,Brgy Mati,20000.00,4000.00,20.0%,6000.00,30.0%,10000.00,50.0%,0,100.00%
7,Brgy Babalaya,3750.00,187.50,5.0%,3375.00,90.0%,187.50,5.0%,0,90.64%
7,Brgy Liangan East,7500.00,750.00,10.0%,1875.00,25.0%,4875.00,65.0%,0,0.00%
7,Brgy Ezperanza,22500.00,4500.00,20.0%,11250.00,50.0%,6750.00,30.0%,0,0.00%
7,Brgy Poblacion,50000.00,10000.00,20.0%,30000.00,60.0%,10000.00,20.0%,1,91.66%
7,Brgy Binuni,31592.50,6318.50,20.0%,12637.00,40.0%,12637.00,40.0%,0,92.90%
7,Brgy Demologan,5250.00,262.50,5.0%,4462.50,85.0%,525.00,10.0%,0,88.98%
7,Brgy Mati,20000.00,4000.00,20.0%,6000.00,30.0%,10000.00,50.0%,0,98.79%
7,Brgy Babalaya,3750.00,187.50,5.0%,3375.00,90.0%,187.50,5.0%,0,92.40%
8,Brgy Liangan East,7500.00,750.00,10.0%,1875.00,25.0%,4875.00,65.0%,0,0.00%
8,Brgy Ezperanza,22500.00,4500.00,20.0%,11250.00,50.0%,6750.00,30.0%,0,0.00%
8,Brgy Poblacion,50000.00,10000.00,20.0%,30000.00,60.0%,10000.00,20.0%,1,91.26%
8,Brgy Binuni,31592.50,6318.50,20.0%,12637.00,40.0%,12637.00,40.0%,0,94.28%
8,Brgy Demologan,5250.00,262.50,5.0%,4462.50,85.0%,525.00,10.0%,0,91.36%
8,Brgy Mati,20000.00,4000.00,20.0%,6000.00,30.0%,10000.00,50.0%,0,97.58%
8,Brgy Babalaya,3750.00,187.50,5.0%,3375.00,90.0%,187.50,5.0%,0,89.47%
8,Brgy Liangan East,7500.00,750.00,10.0%,1875.00,25.0%,4875.00,65.0%,0,0.00%
8,Brgy Ezperanza,22500.00,4500.00,20.0%,11250.00,50.0%,6750.00,30.0%,0,0.00%
8,Brgy Poblacion,50000.00,10000.00,20.0%,30000.00,60.0%,10000.00,20.0%,1,90.55%
8,Brgy Binuni,31592.50,6318.50,20.0%,12637.00,40.0%,12637.00,40.0%,0,93.29%
8,Brgy Demologan,5250.00,262.50,5.0%,4462.50,85.0%,525.00,10.0%,0,90.71%
8,Brgy Mati,20000.00,4000.00,20.0%,6000.00,30.0%,10000.00,50.0%,0,100.00%
8,Brgy Babalaya,3750.00,187.50,5.0%,3375.00,90.0%,187.50,5.0%,0,85.38%
8,Brgy Liangan East,7500.00,750.00,10.0%,1875.00,25.0%,4875.00,65.0%,0,0.00%
8,Brgy Ezperanza,22500.00,4500.00,20.0%,11250.00,50.0%,6750.00,30.0%,0,0.00%
8,Brgy Poblacion,50000.00,10000.00,20.0%,30000.00,60.0%,10000.00,20.0%,1,90.16%
8,Brgy Binuni,31592.50,6318.50,20.0%,12637.00,40.0%,12637.00,40.0%,0,93.89%
8,Brgy Demologan,5250.00,262.50,5.0%,4462.50,85.0%,525.00,10.0%,0,91.14%
8,Brgy Mati,20000.00,4000.00,20.0%,6000.00,30.0%,10000.00,50.0%,0,98.18%
8,Brgy Babalaya,3750.00,187.50,5.0%,3375.00,90.0%,187.50,5.0%,0,90.06%
8,Brgy Liangan East,7500.00,750.00,10.0%,1875.00,25.0%,4875.00,65.0%,0,0.00%
8,Brgy Ezperanza,22500.00,4500.00,20.0%,11250.00,50.0%,6750.00,30.0%,0,0.00%
8,Brgy Poblacion,50000.00,10000.00,20.0%,30000.00,60.0%,10000.00,20.0%,1,90.61%
8,Brgy Binuni,31592.50,6318.50,20.0%,12637.00,40.0%,12637.00,40.0%,0,92.90%
8,Brgy Demologan,5250.00,262.50,5.0%,4462.50,85.0%,525.00,10.0%,0,88.34%
8,Brgy Mati,20000.00,4000.00,20.0%,6000.00,30.0%,10000.00,50.0%,0,98.79%
8,Brgy Babalaya,3750.00,187.50,5.0%,3375.00,90.0%,187.50,5.0%,0,87.72%
9,Brgy Liangan East,7500.00,750.00,10.0%,1875.00,25.0%,4875.00,65.0%,0,0.00%
9,Brgy Ezperanza,22500.00,4500.00,20.0%,11250.00,50.0%,6750.00,30.0%,0,0.00%
9,Brgy Poblacion,50000.00,10000.00,20.0%,30000.00,60.0%,10000.00,20.0%,1,89.96%
9,Brgy Binuni,31592.50,6318.50,20.0%,12637.00,40.0%,12637.00,40.0%,0,95.46%
9,Brgy Demologan,5250.00,262.50,5.0%,4462.50,85.0%,525.00,10.0%,0,91.14%
9,Brgy Mati,20000.00,4000.00,20.0%,6000.00,30.0%,10000.00,50.0%,0,97.58%
9,Brgy Babalaya,3750.00,187.50,5.0%,3375.00,90.0%,187.50,5.0%,0,90.64%
9,Brgy Liangan East,7500.00,750.00,10.0%,1875.00,25.0%,4875.00,65.0%,0,0.00%
9,Brgy Ezperanza,22500.00,4500.00,20.0%,11250.00,50.0%,6750.00,30.0%,0,0.00%
9,Brgy Poblacion,50000.00,10000.00,20.0%,30000.00,60.0%,10000.00,20.0%,1,90.87%
9,Brgy Binuni,31592.50,6318.50,20.0%,12637.00,40.0%,12637.00,40.0%,0,96.06%
9,Brgy Demologan,5250.00,262.50,5.0%,4462.50,85.0%,525.00,10.0%,0,89.20%
9,Brgy Mati,20000.00,4000.00,20.0%,6000.00,30.0%,10000.00,50.0%,0,98.79%
9,Brgy Babalaya,3750.00,187.50,5.0%,3375.00,90.0%,187.50,5.0%,0,85.96%
9,Brgy Liangan East,7500.00,750.00,10.0%,1875.00,25.0%,4875.00,65.0%,0,0.00%
9,Brgy Ezperanza,22500.00,4500.00,20.0%,11250.00,50.0%,6750.00,30.0%,0,0.00%
9,Brgy Poblacion,50000.00,10000.00,20.0%,30000.00,60.0%,10000.00,20.0%,1,90.42%
9,Brgy Binuni,31592.50,6318.50,20.0%,12637.00,40.0%,12637.00,40.0%,0,95.66%
9,Brgy Demologan,5250.00,262.50,5.0%,4462.50,85.0%,525.00,10.0%,0,85.31%
9,Brgy Mati,20000.00,4000.00,20.0%,6000.00,30.0%,10000.00,50.0%,0,96.36%
9,Brgy Babalaya,3750.00,187.50,5.0%,3375.00,90.0%,187.50,5.0%,0,88.30%
9,Brgy Liangan East,7500.00,750.00,10.0%,1875.00,25.0%,4875.00,65.0%,0,0.00%
9,Brgy Ezperanza,22500.00,4500.00,20.0%,11250.00,50.0%,6750.00,30.0%,0,0.00%
9,Brgy Poblacion,50000.00,10000.00,20.0%,30000.00,60.0%,10000.00,20.0%,1,90.22%
9,Brgy Binuni,31592.50,6318.50,20.0%,12637.00,40.0%,12637.00,40.0%,0,90.93%
9,Brgy Demologan,5250.00,262.50,5.0%,4462.50,85.0%,525.00,10.0%,0,85.96%
9,Brgy Mati,20000.00,4000.00,20.0%,6000.00,30.0%,10000.00,50.0%,0,98.79%
9,Brgy Babalaya,3750.00,187.50,5.0%,3375.00,90.0%,187.50,5.0%,0,89.47%
10,Brgy Liangan East,7500.00,750.00,10.0%,1875.00,25.0%,4875.00,65.0%,0,0.00%
10,Brgy Ezperanza,22500.00,4500.00,20.0%,11250.00,50.0%,6750.00,30.0%,0,0.00%
10,Brgy Poblacion,50000.00,10000.00,20.0%,30000.00,60.0%,10000.00,20.0%,1,90.48%
10,Brgy Binuni,31592.50,6318.50,20.0%,12637.00,40.0%,12637.00,40.0%,0,96.06%
10,Brgy Demologan,5250.00,262.50,5.0%,4462.50,85.0%,525.00,10.0%,0,90.93%
10,Brgy Mati,20000.00,4000.00,20.0%,6000.00,30.0%,10000.00,50.0%,0,98.18%
10,Brgy Babalaya,3750.00,187.50,5.0%,3375.00,90.0%,187.50,5.0%,0,88.89%
10,Brgy Liangan East,7500.00,750.00,10.0%,1875.00,25.0%,4875.00,65.0%,0,0.00%
10,Brgy Ezperanza,22500.00,4500.00,20.0%,11250.00,50.0%,6750.00,30.0%,0,0.00%
10,Brgy Poblacion,50000.00,10000.00,20.0%,30000.00,60.0%,10000.00,20.0%,1,90.74%
10,Brgy Binuni,31592.50,6318.50,20.0%,12637.00,40.0%,12637.00,40.0%,0,92.90%
10,Brgy Demologan,5250.00,262.50,5.0%,4462.50,85.0%,525.00,10.0%,0,87.69%
10,Brgy Mati,20000.00,4000.00,20.0%,6000.00,30.0%,10000.00,50.0%,0,100.00%
10,Brgy Babalaya,3750.00,187.50,5.0%,3375.00,90.0%,187.50,5.0%,0,90.06%
10,Brgy Liangan East,7500.00,750.00,10.0%,1875.00,25.0%,4875.00,65.0%,0,0.00%
10,Brgy Ezperanza,22500.00,4500.00,20.0%,11250.00,50.0%,6750.00,30.0%,0,0.00%
10,Brgy Poblacion,50000.00,10000.00,20.0%,30000.00,60.0%,10000.00,20.0%,1,90.81%
10,Brgy Binuni,31592.50,6318.50,20.0%,12637.00,40.0%,12637.00,40.0%,0,92.70%
10,Brgy Demologan,5250.00,262.50,5.0%,4462.50,85.0%,525.00,10.0%,0,86.61%
10,Brgy Mati,20000.00,4000.00,20.0%,6000.00,30.0%,10000.00,50.0%,0,99.39%
10,Brgy Babalaya,3750.00,187.50,5.0%,3375.00,90.0%,187.50,5.0%,0,85.38%
10,Brgy Liangan East,7500.00,750.00,10.0%,1875.00,25.0%,4875.00,65.0%,0,0.00%
10,Brgy Ezperanza,22500.00,4500.00,20.0%,11250.00,50.0%,6750.00,30.0%,0,0.00%
10,Brgy Poblacion,50000.00,10000.00,20.0%,30000.00,60.0%,10000.00,20.0%,1,89.05%
10,Brgy Binuni,31592.50,6318.50,20.0%,12637.00,40.0%,12637.00,40.0%,0,95.66%
10,Brgy Demologan,5250.00,262.50,5.0%,4462.50,85.0%,525.00,10.0%,0,86.61%
10,Brgy Mati,20000.00,4000.00,20.0%,6000.00,30.0%,10000.00,50.0%,0,99.39%
10,Brgy Babalaya,3750.00,187.50,5.0%,3375.00,90.0%,187.50,5.0%,0,91.81%
11,Brgy Liangan East,7500.00,750.00,10.0%,1875.00,25.0%,4875.00,65.0%,0,0.00%
11,Brgy Ezperanza,22500.00,4500.00,20.0%,11250.00,50.0%,6750.00,30.0%,0,0.00%
11,Brgy Poblacion,50000.00,10000.00,20.0%,30000.00,60.0%,10000.00,20.0%,1,90.87%
11,Brgy Binuni,31592.50,6318.50,20.0%,12637.00,40.0%,12637.00,40.0%,0,93.49%
11,Brgy Demologan,5250.00,262.50,5.0%,4462.50,85.0%,525.00,10.0%,0,88.34%
11,Brgy Mati,20000.00,4000.00,20.0%,6000.00,30.0%,10000.00,50.0%,0,99.39%
11,Brgy Babalaya,3750.00,187.50,5.0%,3375.00,90.0%,187.50,5.0%,0,89.47%
11,Brgy Liangan East,7500.00,750.00,10.0%,1875.00,25.0%,4875.00,65.0%,0,0.00%
11,Brgy Ezperanza,22500.00,4500.00,20.0%,11250.00,50.0%,6750.00,30.0%,0,0.00%
11,Brgy Poblacion,50000.00,10000.00,20.0%,30000.00,60.0%,10000.00,20.0%,1,90.48%
11,Brgy Binuni,31592.50,6318.50,20.0%,12637.00,40.0%,12637.00,40.0%,0,94.67%
11,Brgy Demologan,5250.00,262.50,5.0%,4462.50,85.0%,525.00,10.0%,0,89.63%
11,Brgy Mati,20000.00,4000.00,20.0%,6000.00,30.0%,10000.00,50.0%,0,97.58%
11,Brgy Babalaya,3750.00,187.50,5.0%,3375.00,90.0%,187.50,5.0%,0,89.47%
11,Brgy Liangan East,7500.00,750.00,10.0%,1875.00,25.0%,4875.00,65.0%,0,0.00%
11,Brgy Ezperanza,22500.00,4500.00,20.0%,11250.00,50.0%,6750.00,30.0%,0,0.00%
11,Brgy Poblacion,50000.00,10000.00,20.0%,30000.00,60.0%,10000.00,20.0%,1,89.70%
11,Brgy Binuni,31592.50,6318.50,20.0%,12637.00,40.0%,12637.00,40.0%,0,95.07%
11,Brgy Demologan,5250.00,262.50,5.0%,4462.50,85.0%,525.00,10.0%,0,88.34%
11,Brgy Mati,20000.00,4000.00,20.0%,6000.00,30.0%,10000.00,50.0%,0,99.39%
11,Brgy Babalaya,3750.00,187.50,5.0%,3375.00,90.0%,187.50,5.0%,0,90.06%
11,Brgy Liangan East,7500.00,750.00,10.0%,1875.00,25.0%,4875.00,65.0%,0,0.00%
11,Brgy Ezperanza,22500.00,4500.00,20.0%,11250.00,50.0%,6750.00,30.0%,0,0.00%
11,Brgy Poblacion,50000.00,10000.00,20.0%,30000.00,60.0%,10000.00,20.0%,1,89.83%
11,Brgy Binuni,31592.50,6318.50,20.0%,12637.00,40.0%,12637.00,40.0%,0,93.89%
11,Brgy Demologan,5250.00,262.50,5.0%,4462.50,85.0%,525.00,10.0%,0,88.55%
11,Brgy Mati,20000.00,4000.00,20.0%,6000.00,30.0%,10000.00,50.0%,0,98.79%
11,Brgy Babalaya,3750.00,187.50,5.0%,3375.00,90.0%,187.50,5.0%,0,89.47%
12,Brgy Liangan East,7500.00,750.00,10.0%,1875.00,25.0%,4875.00,65.0%,0,0.00%
12,Brgy Ezperanza,22500.00,4500.00,20.0%,11250.00,50.0%,6750.00,30.0%,0,0.00%
12,Brgy Poblacion,50000.00,10000.00,20.0%,30000.00,60.0%,10000.00,20.0%,1,90.68%
12,Brgy Binuni,31592.50,6318.50,20.0%,12637.00,40.0%,12637.00,40.0%,0,93.10%
12,Brgy Demologan,5250.00,262.50,5.0%,4462.50,85.0%,525.00,10.0%,0,90.93%
12,Brgy Mati,20000.00,4000.00,20.0%,6000.00,30.0%,10000.00,50.0%,0,98.79%
12,Brgy Babalaya,3750.00,187.50,5.0%,3375.00,90.0%,187.50,5.0%,0,93.57%
12,Brgy Liangan East,7500.00,750.00,10.0%,1875.00,25.0%,4875.00,65.0%,0,0.00%
12,Brgy Ezperanza,22500.00,4500.00,20.0%,11250.00,50.0%,6750.00,30.0%,0,0.00%
12,Brgy Poblacion,50000.00,10000.00,20.0%,30000.00,60.0%,10000.00,20.0%,1,91.13%
12,Brgy Binuni,31592.50,6318.50,20.0%,12637.00,40.0%,12637.00,40.0%,0,92.90%
12,Brgy Demologan,5250.00,262.50,5.0%,4462.50,85.0%,525.00,10.0%,0,91.36%
12,Brgy Mati,20000.00,4000.00,20.0%,6000.00,30.0%,10000.00,50.0%,0,96.97%
12,Brgy Babalaya,3750.00,187.50,5.0%,3375.00,90.0%,187.50,5.0%,0,87.72%
12,Brgy Liangan East,7500.00,750.00,10.0%,1875.00,25.0%,4875.00,65.0%,0,0.00%
12,Brgy Ezperanza,22500.00,4500.00,20.0%,11250.00,50.0%,6750.00,30.0%,0,0.00%
12,Brgy Poblacion,50000.00,10000.00,20.0%,30000.00,60.0%,10000.00,20.0%,1,91.07%
12,Brgy Binuni,31592.50,6318.50,20.0%,12637.00,40.0%,12637.00,40.0%,0,94.48%
12,Brgy Demologan,5250.00,262.50,5.0%,4462.50,85.0%,525.00,10.0%,0,88.55%
12,Brgy Mati,20000.00,4000.00,20.0%,6000.00,30.0%,10000.00,50.0%,0,99.39%
12,Brgy Babalaya,3750.00,187.50,5.0%,3375.00,90.0%,187.50,5.0%,0,88.30%
12,Brgy Liangan East,7500.00,750.00,10.0%,1875.00,25.0%,4875.00,65.0%,0,0.00%
12,Brgy Ezperanza,22500.00,4500.00,20.0%,11250.00,50.0%,6750.00,30.0%,0,0.00%
12,Brgy Poblacion,50000.00,10000.00,20.0%,30000.00,60.0%,10000.00,20.0%,1,91.66%
12,Brgy Binuni,31592.50,6318.50,20.0%,12637.00,40.0%,12637.00,40.0%,0,94.67%
12,Brgy Demologan,5250.00,262.50,5.0%,4462.50,85.0%,525.00,10.0%,0,90.50%
12,Brgy Mati,20000.00,4000.00,20.0%,6000.00,30.0%,10000.00,50.0%,0,98.79%
12,Brgy Babalaya,3750.00,187.50,5.0%,3375.00,90.0%,187.50,5.0%,0,91.81%
13,Brgy Liangan East,7500.00,750.00,10.0%,1875.00,25.0%,4875.00,65.0%,0,0.00%
13,Brgy Ezperanza,22500.00,4500.00,20.0%,11250.00,50.0%,6750.00,30.0%,0,0.00%
13,Brgy Poblacion,50000.00,10000.00,20.0%,30000.00,60.0%,10000.00,20.0%,1,90.61%
13,Brgy Binuni,31592.50,6318.50,20.0%,12637.00,40.0%,12637.00,40.0%,0,93.89%
13,Brgy Demologan,5250.00,262.50,5.0%,4462.50,85.0%,525.00,10.0%,0,88.77%
13,Brgy Mati,20000.00,4000.00,20.0%,6000.00,30.0%,10000.00,50.0%,0,97.58%
13,Brgy Babalaya,3750.00,187.50,5.0%,3375.00,90.0%,187.50,5.0%,0,85.38%
13,Brgy Liangan East,7500.00,750.00,10.0%,1875.00,25.0%,4875.00,65.0%,0,0.00%
13,Brgy Ezperanza,22500.00,4500.00,20.0%,11250.00,50.0%,6750.00,30.0%,0,0.00%
13,Brgy Poblacion,50000.00,10000.00,20.0%,30000.00,60.0%,10000.00,20.0%,1,88.92%
13,Brgy Binuni,31592.50,6318.50,20.0%,12637.00,40.0%,12637.00,40.0%,0,91.52%
13,Brgy Demologan,5250.00,262.50,5.0%,4462.50,85.0%,525.00,10.0%,0,90.50%
13,Brgy Mati,20000.00,4000.00,20.0%,6000.00,30.0%,10000.00,50.0%,0,100.00%
13,Brgy Babalaya,3750.00,187.50,5.0%,3375.00,90.0%,187.50,5.0%,0,93.57%
13,Brgy Liangan East,7500.00,750.00,10.0%,1875.00,25.0%,4875.00,65.0%,0,0.00%
13,Brgy Ezperanza,22500.00,4500.00,20.0%,11250.00,50.0%,6750.00,30.0%,0,0.00%
13,Brgy Poblacion,50000.00,10000.00,20.0%,30000.00,60.0%,10000.00,20.0%,1,89.57%
13,Brgy Binuni,31592.50,6318.50,20.0%,12637.00,40.0%,12637.00,40.0%,0,93.49%
13,Brgy Demologan,5250.00,262.50,5.0%,4462.50,85.0%,525.00,10.0%,0,88.55%
13,Brgy Mati,20000.00,4000.00,20.0%,6000.00,30.0%,10000.00,50.0%,0,98.79%
13,Brgy Babalaya,3750.00,187.50,5.0%,3375.00,90.0%,187.50,5.0%,0,86.55%
13,Brgy Liangan East,7500.00,750.00,10.0%,1875.00,25.0%,4875.00,65.0%,0,0.00%
13,Brgy Ezperanza,22500.00,4500.00,20.0%,11250.00,50.0%,6750.00,30.0%,0,0.00%
13,Brgy Poblacion,50000.00,10000.00,20.0%,30000.00,60.0%,10000.00,20.0%,1,90.03%
13,Brgy Binuni,31592.50,6318.50,20.0%,12637.00,40.0%,12637.00,40.0%,0,94.28%
13,Brgy Demologan,5250.00,262.50,5.0%,4462.50,85.0%,525.00,10.0%,0,89.42%
13,Brgy Mati,20000.00,4000.00,20.0%,6000.00,30.0%,10000.00,50.0%,0,98.18%
13,Brgy Babalaya,3750.00,187.50,5.0%,3375.00,90.0%,187.50,5.0%,0,89.47%
1,Brgy Liangan East,7500.00,750.00,10.0%,1875.00,25.0%,4875.00,65.0%,0,15.62%
1,Brgy Ezperanza,22500.00,4500.00,20.0%,11250.00,50.0%,6750.00,30.0%,0,14.81%
1,Brgy Poblacion,50000.00,10000.00,20.0%,30000.00,60.0%,10000.00,20.0%,1,1.76%
1,Brgy Binuni,31592.50,6318.50,20.0%,12637.00,40.0%,12637.00,40.0%,0,15.38%
1,Brgy Demologan,5250.00,262.50,5.0%,4462.50,85.0%,525.00,10.0%,0,10.80%
1,Brgy Mati,20000.00,4000.00,20.0%,6000.00,30.0%,10000.00,50.0%,0,13.94%
1,Brgy Babalaya,3750.00,187.50,5.0%,3375.00,90.0%,187.50,5.0%,0,11.70%
1,Brgy Liangan East,7500.00,750.00,10.0%,1875.00,25.0%,4875.00,65.0%,0,15.30%
1,Brgy Ezperanza,22500.00,4500.00,20.0%,11250.00,50.0%,6750.00,30.0%,0,13.94%
1,Brgy Poblacion,50000.00,10000.00,20.0%,30000.00,60.0%,10000.00,20.0%,1,1.69%
1,Brgy Binuni,31592.50,6318.50,20.0%,12637.00,40.0%,12637.00,40.0%,0,16.57%
1,Brgy Demologan,5250.00,262.50,5.0%,4462.50,85.0%,525.00,10.0%,0,10.80%
1,Brgy Mati,20000.00,4000.00,20.0%,6000.00,30.0%,10000.00,50.0%,0,10.91%
1,Brgy Babalaya,3750.00,187.50,5.0%,3375.00,90.0%,187.50,5.0%,0,15.20%
1,Brgy Liangan East,7500.00,750.00,10.0%,1875.00,25.0%,4875.00,65.0%,0,14.80%
1,Brgy Ezperanza,22500.00,4500.00,20.0%,11250.00,50.0%,6750.00,30.0%,0,13.24%
1,Brgy Poblacion,50000.00,10000.00,20.0%,30000.00,60.0%,10000.00,20.0%,1,1.83%
1,Brgy Binuni,31592.50,6318.50,20.0%,12637.00,40.0%,12637.00,40.0%,0,14.40%
1,Brgy Demologan,5250.00,262.50,5.0%,4462.50,85.0%,525.00,10.0%,0,11.88%
1,Brgy Mati,20000.00,4000.00,20.0%,6000.00,30.0%,10000.00,50.0%,0,13.33%
1,Brgy Babalaya,3750.00,187.50,5.0%,3375.00,90.0%,187.50,5.0%,0,20.47%
1,Brgy Liangan East,7500.00,750.00,10.0%,1875.00,25.0%,4875.00,65.0%,0,15.62%
1,Brgy Ezperanza,22500.00,4500.00,20.0%,11250.00,50.0%,6750.00,30.0%,0,14.11%
1,Brgy Poblacion,50000.00,10000.00,20.0%,30000.00,60.0%,10000.00,20.0%,1,1.89%
1,Brgy Binuni,31592.50,6318.50,20.0%,12637.00,40.0%,12637.00,40.0%,0,15.19%
1,Brgy Demologan,5250.00,262.50,5.0%,4462.50,85.0%,525.00,10.0%,0,8.21%
1,Brgy Mati,20000.00,4000.00,20.0%,6000.00,30.0%,10000.00,50.0%,0,10.91%
1,Brgy Babalaya,3750.00,187.50,5.0%,3375.00,90.0%,187.50,5.0%,0,13.45%
2,Brgy Liangan East,7500.00,750.00,10.0%,1875.00,25.0%,4875.00,65.0%,0,0.00%
2,Brgy Ezperanza,22500.00,4500.00,20.0%,11250.00,50.0%,6750.00,30.0%,0,0.00%
2,Brgy Poblacion,50000.00,10000.00,20.0%,30000.00,60.0%,10000.00,20.0%,1,88.98%
2,Brgy Binuni,31592.50,6318.50,20.0%,12637.00,40.0%,12637.00,40.0%,0,96.06%
2,Brgy Demologan,5250.00,262.50,5.0%,4462.50,85.0%,525.00,10.0%,0,91.58%
2,Brgy Mati,20000.00,4000.00,20.0%,6000.00,30.0%,10000.00,50.0%,0,96.36%
2,Brgy Babalaya,3750.00,187.50,5.0%,3375.00,90.0%,187.50,5.0%,0,88.30%
2,Brgy Liangan East,7500.00,750.00,10.0%,1875.00,25.0%,4875.00,65.0%,0,0.00%
2,Brgy Ezperanza,22500.00,4500.00,20.0%,11250.00,50.0%,6750.00,30.0%,0,0.17%
2,Brgy Poblacion,50000.00,10000.00,20.0%,30000.00,60.0%,10000.00,20.0%,1,91.26%
2,Brgy Binuni,31592.50,6318.50,20.0%,12637.00,40.0%,12637.00,40.0%,0,92.31%
2,Brgy Demologan,5250.00,262.50,5.0%,4462.50,85.0%,525.00,10.0%,0,89.42%
2,Brgy Mati,20000.00,4000.00,20.0%,6000.00,30.0%,10000.00,50.0%,0,98.79%
2,Brgy Babalaya,3750.00,187.50,5.0%,3375.00,90.0%,187.50,5.0%,0,87.13%
2,Brgy Liangan East,7500.00,750.00,10.0%,1875.00,25.0%,4875.00,65.0%,0,0.00%
2,Brgy Ezperanza,22500.00,4500.00,20.0%,11250.00,50.0%,6750.00,30.0%,0,0.00%
2,Brgy Poblacion,50000.00,10000.00,20.0%,30000.00,60.0%,10000.00,20.0%,1,90.68%
2,Brgy Binuni,31592.50,6318.50,20.0%,12637.00,40.0%,12637.00,40.0%,0,94.08%
2,Brgy Demologan,5250.00,262.50,5.0%,4462.50,85.0%,525.00,10.0%,0,88.77%
2,Brgy Mati,20000.00,4000.00,20.0%,6000.00,30.0%,10000.00,50.0%,0,99.39%
2,Brgy Babalaya,3750.00,187.50,5.0%,3375.00,90.0%,187.50,5.0%,0,86.55%
2,Brgy Liangan East,7500.00,750.00,10.0%,1875.00,25.0%,4875.00,65.0%,0,0.00%
2,Brgy Ezperanza,22500.00,4500.00,20.0%,11250.00,50.0%,6750.00,30.0%,0,0.00%
2,Brgy Poblacion,50000.00,10000.00,20.0%,30000.00,60.0%,10000.00,20.0%,1,90.29%
2,Brgy Binuni,31592.50,6318.50,20.0%,12637.00,40.0%,12637.00,40.0%,0,94.48%
2,Brgy Demologan,5250.00,262.50,5.0%,4462.50,85.0%,525.00,10.0%,0,89.63%
2,Brgy Mati,20000.00,4000.00,20.0%,6000.00,30.0%,10000.00,50.0%,0,98.79%
2,Brgy Babalaya,3750.00,187.50,5.0%,3375.00,90.0%,187.50,5.0%,0,90.64%
3,Brgy Liangan East,7500.00,750.00,10.0%,1875.00,25.0%,4875.00,65.0%,0,0.00%
3,Brgy Ezperanza,22500.00,4500.00,20.0%,11250.00,50.0%,6750.00,30.0%,0,0.00%
3,Brgy Poblacion,50000.00,10000.00,20.0%,30000.00,60.0%,10000.00,20.0%,1,90.22%
3,Brgy Binuni,31592.50,6318.50,20.0%,12637.00,40.0%,12637.00,40.0%,0,93.69%
3,Brgy Demologan,5250.00,262.50,5.0%,4462.50,85.0%,525.00,10.0%,0,88.77%
3,Brgy Mati,20000.00,4000.00,20.0%,6000.00,30.0%,10000.00,50.0%,0,99.39%
3,Brgy Babalaya,3750.00,187.50,5.0%,3375.00,90.0%,187.50,5.0%,0,90.64%
3,Brgy Liangan East,7500.00,750.00,10.0%,1875.00,25.0%,4875.00,65.0%,0,0.00%
3,Brgy Ezperanza,22500.00,4500.00,20.0%,11250.00,50.0%,6750.00,30.0%,0,0.00%
3,Brgy Poblacion,50000.00,10000.00,20.0%,30000.00,60.0%,10000.00,20.0%,1,89.63%
3,Brgy Binuni,31592.50,6318.50,20.0%,12637.00,40.0%,12637.00,40.0%,0,95.27%
3,Brgy Demologan,5250.00,262.50,5.0%,4462.50,85.0%,525.00,10.0%,0,87.69%
3,Brgy Mati,20000.00,4000.00,20.0%,6000.00,30.0%,10000.00,50.0%,0,96.36%
3,Brgy Babalaya,3750.00,187.50,5.0%,3375.00,90.0%,187.50,5.0%,0,89.47%
3,Brgy Liangan East,7500.00,750.00,10.0%,1875.00,25.0%,4875.00,65.0%,0,0.00%
3,Brgy Ezperanza,22500.00,4500.00,20.0%,11250.00,50.0%,6750.00,30.0%,0,0.00%
3,Brgy Poblacion,50000.00,10000.00,20.0%,30000.00,60.0%,10000.00,20.0%,1,90.29%
3,Brgy Binuni,31592.50,6318.50,20.0%,12637.00,40.0%,12637.00,40.0%,0,96.84%
3,Brgy Demologan,5250.00,262.50,5.0%,4462.50,85.0%,525.00,10.0%,0,88.12%
3,Brgy Mati,20000.00,4000.00,20.0%,6000.00,30.0%,10000.00,50.0%,0,98.18%
3,Brgy Babalaya,3750.00,187.50,5.0%,3375.00,90.0%,187.50,5.0%,0,84.21%
3,Brgy Liangan East,7500.00,750.00,10.0%,1875.00,25.0%,4875.00,65.0%,0,0.00%
3,Brgy Ezperanza,22500.00,4500.00,20.0%,11250.00,50.0%,6750.00,30.0%,0,0.00%
3,Brgy Poblacion,50000.00,10000.00,20.0%,30000.00,60.0%,10000.00,20.0%,1,89.11%
3,Brgy Binuni,31592.50,6318.50,20.0%,12637.00,40.0%,12637.00,40.0%,0,93.29%
3,Brgy Demologan,5250.00,262.50,5.0%,4462.50,85.0%,525.00,10.0%,0,88.55%
3,Brgy Mati,20000.00,4000.00,20.0%,6000.00,30.0%,10000.00,50.0%,0,100.00%
3,Brgy Babalaya,3750.00,187.50,5.0%,3375.00,90.0%,187.50,5.0%,0,87.13%
4,Brgy Liangan East,7500.00,750.00,10.0%,1875.00,25.0%,4875.00,65.0%,0,0.00%
4,Brgy Ezperanza,22500.00,4500.00,20.0%,11250.00,50.0%,6750.00,30.0%,0,0.00%
4,Brgy Poblacion,50000.00,10000.00,20.0%,30000.00,60.0%,10000.00,20.0%,1,89.63%
4,Brgy Binuni,31592.50,6318.50,20.0%,12637.00,40.0%,12637.00,40.0%,0,93.69%
4,Brgy Demologan,5250.00,262.50,5.0%,4462.50,85.0%,525.00,10.0%,0,89.20%
4,Brgy Mati,20000.00,4000.00,20.0%,6000.00,30.0%,10000.00,50.0%,0,98.79%
4,Brgy Babalaya,3750.00,187.50,5.0%,3375.00,90.0%,187.50,5.0%,0,94.74%
4,Brgy Liangan East,7500.00,750.00,10.0%,1875.00,25.0%,4875.00,65.0%,0,0.00%
4,Brgy Ezperanza,22500.00,4500.00,20.0%,11250.00,50.0%,6750.00,30.0%,0,0.00%
4,Brgy Poblacion,50000.00,10000.00,20.0%,30000.00,60.0%,10000.00,20.0%,1,90.94%
4,Brgy Binuni,31592.50,6318.50,20.0%,12637.00,40.0%,12637.00,40.0%,0,94.67%
4,Brgy Demologan,5250.00,262.50,5.0%,4462.50,85.0%,525.00,10.0%,0,88.77%
4,Brgy Mati,20000.00,4000.00,20.0%,6000.00,30.0%,10000.00,50.0%,0,99.39%
4,Brgy Babalaya,3750.00,187.50,5.0%,3375.00,90.0%,187.50,5.0%,0,88.30%
4,Brgy Liangan East,7500.00,750.00,10.0%,1875.00,25.0%,4875.00,65.0%,0,0.00%
4,Brgy Ezperanza,22500.00,4500.00,20.0%,11250.00,50.0%,6750.00,30.0%,0,0.00%
4,Brgy Poblacion,50000.00,10000.00,20.0%,30000.00,60.0%,10000.00,20.0%,1,91.20%
4,Brgy Binuni,31592.50,6318.50,20.0%,12637.00,40.0%,12637.00,40.0%,0,94.87%
4,Brgy Demologan,5250.00,262.50,5.0%,4462.50,85.0%,525.00,10.0%,0,90.06%
4,Brgy Mati,20000.00,4000.00,20.0%,6000.00,30.0%,10000.00,50.0%,0,98.79%
4,Brgy Babalaya,3750.00,187.50,5.0%,3375.00,90.0%,187.50,5.0%,0,90.06%
4,Brgy Liangan East,7500.00,750.00,10.0%,1875.00,25.0%,4875.00,65.0%,0,0.00%
4,Brgy Ezperanza,22500.00,4500.00,20.0%,11250.00,50.0%,6750.00,30.0%,0,0.00%
4,Brgy Poblacion,50000.00,10000.00,20.0%,30000.00,60.0%,10000.00,20.0%,1,90.94%
4,Brgy Binuni,31592.50,6318.50,20.0%,12637.00,40.0%,12637.00,40.0%,0,93.89%
4,Brgy Demologan,5250.00,262.50,5.0%,4462.50,85.0%,525.00,10.0%,0,88.55%
4,Brgy Mati,20000.00,4000.00,20.0%,6000.00,30.0%,10000.00,50.0%,0,99.39%
4,Brgy Babalaya,3750.00,187.50,5.0%,3375.00,90.0%,187.50,5.0%,0,93.57%
5,Brgy Liangan East,7500.00,750.00,10.0%,1875.00,25.0%,4875.00,65.0%,0,0.00%
5,Brgy Ezperanza,22500.00,4500.00,20.0%,11250.00,50.0%,6750.00,30.0%,0,0.00%
5,Brgy Poblacion,50000.00,10000.00,20.0%,30000.00,60.0%,10000.00,20.0%,1,90.87%
5,Brgy Binuni,31592.50,6318.50,20.0%,12637.00,40.0%,12637.00,40.0%,0,93.89%
5,Brgy Demologan,5250.00,262.50,5.0%,4462.50,85.0%,525.00,10.0%,0,89.63%
5,Brgy Mati,20000.00,4000.00,20.0%,6000.00,30.0%,10000.00,50.0%,0,100.00%
5,Brgy Babalaya,3750.00,187.50,5.0%,3375.00,90.0%,187.50,5.0%,0,87.13%
5,Brgy Liangan East,7500.00,750.00,10.0%,1875.00,25.0%,4875.00,65.0%,0,0.00%
5,Brgy Ezperanza,22500.00,4500.00,20.0%,11250.00,50.0%,6750.00,30.0%,0,0.00%
5,Brgy Poblacion,50000.00,10000.00,20.0%,30000.00,60.0%,10000.00,20.0%,1,90.94%
5,Brgy Binuni,31592.50,6318.50,20.0%,12637.00,40.0%,12637.00,40.0%,0,93.49%
5,Brgy Demologan,5250.00,262.50,5.0%,4462.50,85.0%,525.00,10.0%,0,89.20%
5,Brgy Mati,20000.00,4000.00,20.0%,6000.00,30.0%,10000.00,50.0%,0,98.79%
5,Brgy Babalaya,3750.00,187.50,5.0%,3375.00,90.0%,187.50,5.0%,0,90.06%
5,Brgy Liangan East,7500.00,750.00,10.0%,1875.00,25.0%,4875.00,65.0%,0,0.00%
5,Brgy Ezperanza,22500.00,4500.00,20.0%,11250.00,50.0%,6750.00,30.0%,0,0.00%
5,Brgy Poblacion,50000.00,10000.00,20.0%,30000.00,60.0%,10000.00,20.0%,1,91.92%
5,Brgy Binuni,31592.50,6318.50,20.0%,12637.00,40.0%,12637.00,40.0%,0,95.27%
5,Brgy Demologan,5250.00,262.50,5.0%,4462.50,85.0%,525.00,10.0%,0,90.71%
5,Brgy Mati,20000.00,4000.00,20.0%,6000.00,30.0%,10000.00,50.0%,0,99.39%
5,Brgy Babalaya,3750.00,187.50,5.0%,3375.00,90.0%,187.50,5.0%,0,92.98%
5,Brgy Liangan East,7500.00,750.00,10.0%,1875.00,25.0%,4875.00,65.0%,0,0.00%
5,Brgy Ezperanza,22500.00,4500.00,20.0%,11250.00,50.0%,6750.00,30.0%,0,0.00%
5,Brgy Poblacion,50000.00,10000.00,20.0%,30000.00,60.0%,10000.00,20.0%,1,90.68%
5,Brgy Binuni,31592.50,6318.50,20.0%,12637.00,40.0%,12637.00,40.0%,0,93.10%
5,Brgy Demologan,5250.00,262.50,5.0%,4462.50,85.0%,525.00,10.0%,0,89.20%
5,Brgy Mati,20000.00,4000.00,20.0%,6000.00,30.0%,10000.00,50.0%,0,98.79%
5,Brgy Babalaya,3750.00,187.50,5.0%,3375.00,90.0%,187.50,5.0%,0,88.89%
6,Brgy Liangan East,7500.00,750.00,10.0%,1875.00,25.0%,4875.00,65.0%,0,0.00%
6,Brgy Ezperanza,22500.00,4500.00,20.0%,11250.00,50.0%,6750.00,30.0%,0,0.00%
6,Brgy Poblacion,50000.00,10000.00,20.0%,30000.00,60.0%,10000.00,20.0%,1,89.77%
6,Brgy Binuni,31592.50,6318.50,20.0%,12637.00,40.0%,12637.00,40.0%,0,94.28%
6,Brgy Demologan,5250.00,262.50,5.0%,4462.50,85.0%,525.00,10.0%,0,86.83%
6,Brgy Mati,20000.00,4000.00,20.0%,6000.00,30.0%,10000.00,50.0%,0,99.39%
6,Brgy Babalaya,3750.00,187.50,5.0%,3375.00,90.0%,187.50,5.0%,0,88.30%
6,Brgy Liangan East,7500.00,750.00,10.0%,1875.00,25.0%,4875.00,65.0%,0,0.00%
6,Brgy Ezperanza,22500.00,4500.00,20.0%,11250.00,50.0%,6750.00,30.0%,0,0.00%
6,Brgy Poblacion,50000.00,10000.00,20.0%,30000.00,60.0%,10000.00,20.0%,1,91.00%
6,Brgy Binuni,31592.50,6318.50,20.0%,12637.00,40.0%,12637.00,40.0%,0,94.87%
6,Brgy Demologan,5250.00,262.50,5.0%,4462.50,85.0%,525.00,10.0%,0,88.98%
6,Brgy Mati,20000.00,4000.00,20.0%,6000.00,30.0%,10000.00,50.0%,0,96.97%
6,Brgy Babalaya,3750.00,187.50,5.0%,3375.00,90.0%,187.50,5.0%,0,92.40%
6,Brgy Liangan East,7500.00,750.00,10.0%,1875.00,25.0%,4875.00,65.0%,0,0.00%
6,Brgy Ezperanza,22500.00,4500.00,20.0%,11250.00,50.0%,6750.00,30.0%,0,0.00%
6,Brgy Poblacion,50000.00,10000.00,20.0%,30000.00,60.0%,10000.00,20.0%,1,88.46%
6,Brgy Binuni,31592.50,6318.50,20.0%,12637.00,40.0%,12637.00,40.0%,0,93.69%
6,Brgy Demologan,5250.00,262.50,5.0%,4462.50,85.0%,525.00,10.0%,0,88.34%
6,Brgy Mati,20000.00,4000.00,20.0%,6000.00,30.0%,10000.00,50.0%,0,99.39%
6,Brgy Babalaya,3750.00,187.50,5.0%,3375.00,90.0%,187.50,5.0%,0,86.55%
6,Brgy Liangan East,7500.00,750.00,10.0%,1875.00,25.0%,4875.00,65.0%,0,0.00%
6,Brgy Ezperanza,22500.00,4500.00,20.0%,11250.00,50.0%,6750.00,30.0%,0,0.00%
6,Brgy Poblacion,50000.00,10000.00,20.0%,30000.00,60.0%,10000.00,20.0%,1,90.29%
6,Brgy Binuni,31592.50,6318.50,20.0%,12637.00,40.0%,12637.00,40.0%,0,93.49%
6,Brgy Demologan,5250.00,262.50,5.0%,4462.50,85.0%,525.00,10.0%,0,92.01%
6,Brgy Mati,20000.00,4000.00,20.0%,6000.00,30.0%,10000.00,50.0%,0,100.00%
6,Brgy Babalaya,3750.00,187.50,5.0%,3375.00,90.0%,187.50,5.0%,0,88.89%
7,Brgy Liangan East,7500.00,750.00,10.0%,1875.00,25.0%,4875.00,65.0%,0,0.00%
7,Brgy Ezperanza,22500.00,4500.00,20.0%,11250.00,50.0%,6750.00,30.0%,0,0.00%
7,Brgy Poblacion,50000.00,10000.00,20.0%,30000.00,60.0%,10000.00,20.0%,1,90.35%
7,Brgy Binuni,31592.50,6318.50,20.0%,12637.00,40.0%,12637.00,40.0%,0,92.50%
7,Brgy Demologan,5250.00,262.50,5.0%,4462.50,85.0%,525.00,10.0%,0,91.36%
7,Brgy Mati,20000.00,4000.00,20.0%,6000.00,30.0%,10000.00,50.0%,0,100.00%
7,Brgy Babalaya,3750.00,187.50,5.0%,3375.00,90.0%,187.50,5.0%,0,89.47%
7,Brgy Liangan East,7500.00,750.00,10.0%,1875.00,25.0%,4875.00,65.0%,0,0.00%
7,Brgy Ezperanza,22500.00,4500.00,20.0%,11250.00,50.0%,6750.00,30.0%,0,0.00%
7,Brgy Poblacion,50000.00,10000.00,20.0%,30000.00,60.0%,10000.00,20.0%,1,91.98%
7,Brgy Binuni,31592.50,6318.50,20.0%,12637.00,40.0%,12637.00,40.0%,0,91.32%
7,Brgy Demologan,5250.00,262.50,5.0%,4462.50,85.0%,525.00,10.0%,0,90.71%
7,Brgy Mati,20000.00,4000.00,20.0%,6000.00,30.0%,10000.00,50.0%,0,100.00%
7,Brgy Babalaya,3750.00,187.50,5.0%,3375.00,90.0%,187.50,5.0%,0,89.47%
7,Brgy Liangan East,7500.00,750.00,10.0%,1875.00,25.0%,4875.00,65.0%,0,0.00%
7,Brgy Ezperanza,22500.00,4500.00,20.0%,11250.00,50.0%,6750.00,30.0%,0,0.00%
7,Brgy Poblacion,50000.00,10000.00,20.0%,30000.00,60.0%,10000.00,20.0%,1,90.29%
7,Brgy Binuni,31592.50,6318.50,20.0%,12637.00,40.0%,12637.00,40.0%,0,93.29%
7,Brgy Demologan,5250.00,262.50,5.0%,4462.50,85.0%,525.00,10.0%,0,89.63%
7,Brgy Mati,20000.00,4000.00,20.0%,6000.00,30.0%,10000.00,50.0%,0,96.97%
7,Brgy Babalaya,3750.00,187.50,5.0%,3375.00,90.0%,187.50,5.0%,0,87.72%
7,Brgy Liangan East,7500.00,750.00,10.0%,1875.00,25.0%,4875.00,65.0%,0,0.00%
7,Brgy Ezperanza,22500.00,4500.00,20.0%,11250.00,50.0%,6750.00,30.0%,0,0.00%
7,Brgy Poblacion,50000.00,10000.00,20.0%,30000.00,60.0%,10000.00,20.0%,1,90.48%
7,Brgy Binuni,31592.50,6318.50,20.0%,12637.00,40.0%,12637.00,40.0%,0,92.70%
7,Brgy Demologan,5250.00,262.50,5.0%,4462.50,85.0%,525.00,10.0%,0,90.28%
7,Brgy Mati,20000.00,4000.00,20.0%,6000.00,30.0%,10000.00,50.0%,0,98.18%
7,Brgy Babalaya,3750.00,187.50,5.0%,3375.00,90.0%,187.50,5.0%,0,88.89%
8,Brgy Liangan East,7500.00,750.00,10.0%,1875.00,25.0%,4875.00,65.0%,0,0.00%
8,Brgy Ezperanza,22500.00,4500.00,20.0%,11250.00,50.0%,6750.00,30.0%,0,0.00%
8,Brgy Poblacion,50000.00,10000.00,20.0%,30000.00,60.0%,10000.00,20.0%,1,91.00%
8,Brgy Binuni,31592.50,6318.50,20.0%,12637.00,40.0%,12637.00,40.0%,0,92.11%
8,Brgy Demologan,5250.00,262.50,5.0%,4462.50,85.0%,525.00,10.0%,0,84.88%
8,Brgy Mati,20000.00,4000.00,20.0%,6000.00,30.0%,10000.00,50.0%,0,99.39%
8,Brgy Babalaya,3750.00,187.50,5.0%,3375.00,90.0%,187.50,5.0%,0,90.06%
8,Brgy Liangan East,7500.00,750.00,10.0%,1875.00,25.0%,4875.00,65.0%,0,0.00%
8,Brgy Ezperanza,22500.00,4500.00,20.0%,11250.00,50.0%,6750.00,30.0%,0,0.00%
8,Brgy Poblacion,50000.00,10000.00,20.0%,30000.00,60.0%,10000.00,20.0%,1,90.81%
8,Brgy Binuni,31592.50,6318.50,20.0%,12637.00,40.0%,12637.00,40.0%,0,92.31%
8,Brgy Demologan,5250.00,262.50,5.0%,4462.50,85.0%,525.00,10.0%,0,88.77%
8,Brgy Mati,20000.00,4000.00,20.0%,6000.00,30.0%,10000.00,50.0%,0,98.79%
8,Brgy Babalaya,3750.00,187.50,5.0%,3375.00,90.0%,187.50,5.0%,0,89.47%
8,Brgy Liangan East,7500.00,750.00,10.0%,1875.00,25.0%,4875.00,65.0%,0,0.00%
8,Brgy Ezperanza,22500.00,4500.00,20.0%,11250.00,50.0%,6750.00,30.0%,0,0.00%
8,Brgy Poblacion,50000.00,10000.00,20.0%,30000.00,60.0%,10000.00,20.0%,1,89.31%
8,Brgy Binuni,31592.50,6318.50,20.0%,12637.00,40.0%,12637.00,40.0%,0,92.50%
8,Brgy Demologan,5250.00,262.50,5.0%,4462.50,85.0%,525.00,10.0%,0,90.06%
8,Brgy Mati,20000.00,4000.00,20.0%,6000.00,30.0%,10000.00,50.0%,0,99.39%
8,Brgy Babalaya,3750.00,187.50,5.0%,3375.00,90.0%,187.50,5.0%,0,85.96%
8,Brgy Liangan East,7500.00,750.00,10.0%,1875.00,25.0%,4875.00,65.0%,0,0.00%
8,Brgy Ezperanza,22500.00,4500.00,20.0%,11250.00,50.0%,6750.00,30.0%,0,0.00%
8,Brgy Poblacion,50000.00,10000.00,20.0%,30000.00,60.0%,10000.00,20.0%,1,90.74%
8,Brgy Binuni,31592.50,6318.50,20.0%,12637.00,40.0%,12637.00,40.0%,0,90.73%
8,Brgy Demologan,5250.00,262.50,5.0%,4462.50,85.0%,525.00,10.0%,0,90.71%
8,Brgy Mati,20000.00,4000.00,20.0%,6000.00,30.0%,10000.00,50.0%,0,98.79%
8,Brgy Babalaya,3750.00,187.50,5.0%,3375.00,90.0%,187.50,5.0%,0,89.47%
9,Brgy Liangan East,7500.00,750.00,10.0%,1875.00,25.0%,4875.00,65.0%,0,0.00%
9,Brgy Ezperanza,22500.00,4500.00,20.0%,11250.00,50.0%,6750.00,30.0%,0,0.00%
9,Brgy Poblacion,50000.00,10000.00,20.0%,30000.00,60.0%,10000.00,20.0%,1,91.20%
9,Brgy Binuni,31592.50,6318.50,20.0%,12637.00,40.0%,12637.00,40.0%,0,95.66%
9,Brgy Demologan,5250.00,262.50,5.0%,4462.50,85.0%,525.00,10.0%,0,88.98%
9,Brgy Mati,20000.00,4000.00,20.0%,6000.00,30.0%,10000.00,50.0%,0,98.79%
9,Brgy Babalaya,3750.00,187.50,5.0%,3375.00,90.0%,187.50,5.0%,0,87.13%
9,Brgy Liangan East,7500.00,750.00,10.0%,1875.00,25.0%,4875.00,65.0%,0,0.00%
9,Brgy Ezperanza,22500.00,4500.00,20.0%,11250.00,50.0%,6750.00,30.0%,0,0.00%
9,Brgy Poblacion,50000.00,10000.00,20.0%,30000.00,60.0%,10000.00,20.0%,1,89.37%
9,Brgy Binuni,31592.50,6318.50,20.0%,12637.00,40.0%,12637.00,40.0%,0,93.49%
9,Brgy Demologan,5250.00,262.50,5.0%,4462.50,85.0%,525.00,10.0%,0,88.98%
9,Brgy Mati,20000.00,4000.00,20.0%,6000.00,30.0%,10000.00,50.0%,0,95.76%
9,Brgy Babalaya,3750.00,187.50,5.0%,3375.00,90.0%,187.50,5.0%,0,91.81%
9,Brgy Liangan East,7500.00,750.00,10.0%,1875.00,25.0%,4875.00,65.0%,0,0.00%
9,Brgy Ezperanza,22500.00,4500.00,20.0%,11250.00,50.0%,6750.00,30.0%,0,0.00%
9,Brgy Poblacion,50000.00,10000.00,20.0%,30000.00,60.0%,10000.00,20.0%,1,90.48%
9,Brgy Binuni,31592.50,6318.50,20.0%,12637.00,40.0%,12637.00,40.0%,0,95.27%
9,Brgy Demologan,5250.00,262.50,5.0%,4462.50,85.0%,525.00,10.0%,0,88.77%
9,Brgy Mati,20000.00,4000.00,20.0%,6000.00,30.0%,10000.00,50.0%,0,98.18%
9,Brgy Babalaya,3750.00,187.50,5.0%,3375.00,90.0%,187.50,5.0%,0,89.47%
9,Brgy Liangan East,7500.00,750.00,10.0%,1875.00,25.0%,4875.00,65.0%,0,0.00%
9,Brgy Ezperanza,22500.00,4500.00,20.0%,11250.00,50.0%,6750.00,30.0%,0,0.00%
9,Brgy Poblacion,50000.00,10000.00,20.0%,30000.00,60.0%,10000.00,20.0%,1,91.46%
9,Brgy Binuni,31592.50,6318.50,20.0%,12637.00,40.0%,12637.00,40.0%,0,92.50%
9,Brgy Demologan,5250.00,262.50,5.0%,4462.50,85.0%,525.00,10.0%,0,90.50%
9,Brgy Mati,20000.00,4000.00,20.0%,6000.00,30.0%,10000.00,50.0%,0,98.18%
9,Brgy Babalaya,3750.00,187.50,5.0%,3375.00,90.0%,187.50,5.0%,0,91.81%
10,Brgy Liangan East,7500.00,750.00,10.0%,1875.00,25.0%,4875.00,65.0%,0,0.00%
10,Brgy Ezperanza,22500.00,4500.00,20.0%,11250.00,50.0%,6750.00,30.0%,0,0.00%
10,Brgy Poblacion,50000.00,10000.00,20.0%,30000.00,60.0%,10000.00,20.0%,1,92.11%
10,Brgy Binuni,31592.50,6318.50,20.0%,12637.00,40.0%,12637.00,40.0%,0,94.67%
10,Brgy Demologan,5250.00,262.50,5.0%,4462.50,85.0%,525.00,10.0%,0,87.26%
10,Brgy Mati,20000.00,4000.00,20.0%,6000.00,30.0%,10000.00,50.0%,0,100.00%
10,Brgy Babalaya,3750.00,187.50,5.0%,3375.00,90.0%,187.50,5.0%,0,90.06%
10,Brgy Liangan East,7500.00,750.00,10.0%,1875.00,25.0%,4875.00,65.0%,0,0.00%
10,Brgy Ezperanza,22500.00,4500.00,20.0%,11250.00,50.0%,6750.00,30.0%,0,0.00%
10,Brgy Poblacion,50000.00,10000.00,20.0%,30000.00,60.0%,10000.00,20.0%,1,91.00%
10,Brgy Binuni,31592.50,6318.50,20.0%,12637.00,40.0%,12637.00,40.0%,0,94.48%
10,Brgy Demologan,5250.00,262.50,5.0%,4462.50,85.0%,525.00,10.0%,0,89.63%
10,Brgy Mati,20000.00,4000.00,20.0%,6000.00,30.0%,10000.00,50.0%,0,97.58%
10,Brgy Babalaya,3750.00,187.50,5.0%,3375.00,90.0%,187.50,5.0%,0,89.47%
10,Brgy Liangan East,7500.00,750.00,10.0%,1875.00,25.0%,4875.00,65.0%,0,0.00%
10,Brgy Ezperanza,22500.00,4500.00,20.0%,11250.00,50.0%,6750.00,30.0%,0,0.00%
10,Brgy Poblacion,50000.00,10000.00,20.0%,30000.00,60.0%,10000.00,20.0%,1,90.29%
10,Brgy Binuni,31592.50,6318.50,20.0%,12637.00,40.0%,12637.00,40.0%,0,92.90%
10,Brgy Demologan,5250.00,262.50,5.0%,4462.50,85.0%,525.00,10.0%,0,88.98%
10,Brgy Mati,20000.00,4000.00,20.0%,6000.00,30.0%,10000.00,50.0%,0,98.79%
10,Brgy Babalaya,3750.00,187.50,5.0%,3375.00,90.0%,187.50,5.0%,0,88.30%
10,Brgy Liangan East,7500.00,750.00,10.0%,1875.00,25.0%,4875.00,65.0%,0,0.00%
10,Brgy Ezperanza,22500.00,4500.00,20.0%,11250.00,50.0%,6750.00,30.0%,0,0.00%
10,Brgy Poblacion,50000.00,10000.00,20.0%,30000.00,60.0%,10000.00,20.0%,1,90.03%
10,Brgy Binuni,31592.50,6318.50,20.0%,12637.00,40.0%,12637.00,40.0%,0,93.89%
10,Brgy Demologan,5250.00,262.50,5.0%,4462.50,85.0%,525.00,10.0%,0,89.42%
10,Brgy Mati,20000.00,4000.00,20.0%,6000.00,30.0%,10000.00,50.0%,0,98.18%
10,Brgy Babalaya,3750.00,187.50,5.0%,3375.00,90.0%,187.50,5.0%,0,87.13%
11,Brgy Liangan East,7500.00,750.00,10.0%,1875.00,25.0%,4875.00,65.0%,0,0.00%
11,Brgy Ezperanza,22500.00,4500.00,20.0%,11250.00,50.0%,6750.00,30.0%,0,0.00%
11,Brgy Poblacion,50000.00,10000.00,20.0%,30000.00,60.0%,10000.00,20.0%,1,90.22%
11,Brgy Binuni,31592.50,6318.50,20.0%,12637.00,40.0%,12637.00,40.0%,0,92.31%
11,Brgy Demologan,5250.00,262.50,5.0%,4462.50,85.0%,525.00,10.0%,0,87.26%
11,Brgy Mati,20000.00,4000.00,20.0%,6000.00,30.0%,10000.00,50.0%,0,98.79%
11,Brgy Babalaya,3750.00,187.50,5.0%,3375.00,90.0%,187.50,5.0%,0,89.47%
11,Brgy Liangan East,7500.00,750.00,10.0%,1875.00,25.0%,4875.00,65.0%,0,0.00%
11,Brgy Ezperanza,22500.00,4500.00,20.0%,11250.00,50.0%,6750.00,30.0%,0,0.00%
11,Brgy Poblacion,50000.00,10000.00,20.0%,30000.00,60.0%,10000.00,20.0%,1,90.74%
11,Brgy Binuni,31592.50,6318.50,20.0%,12637.00,40.0%,12637.00,40.0%,0,94.87%
11,Brgy Demologan,5250.00,262.50,5.0%,4462.50,85.0%,525.00,10.0%,0,88.77%
11,Brgy Mati,20000.00,4000.00,20.0%,6000.00,30.0%,10000.00,50.0%,0,100.00%
11,Brgy Babalaya,3750.00,187.50,5.0%,3375.00,90.0%,187.50,5.0%,0,90.06%
11,Brgy Liangan East,7500.00,750.00,10.0%,1875.00,25.0%,4875.00,65.0%,0,0.00%
11,Brgy Ezperanza,22500.00,4500.00,20.0%,11250.00,50.0%,6750.00,30.0%,0,0.00%
11,Brgy Poblacion,50000.00,10000.00,20.0%,30000.00,60.0%,10000.00,20.0%,1,89.63%
11,Brgy Binuni,31592.50,6318.50,20.0%,12637.00,40.0%,12637.00,40.0%,0,91.52%
11,Brgy Demologan,5250.00,262.50,5.0%,4462.50,85.0%,525.00,10.0%,0,92.01%
11,Brgy Mati,20000.00,4000.00,20.0%,6000.00,30.0%,10000.00,50.0%,0,98.79%
11,Brgy Babalaya,3750.00,187.50,5.0%,3375.00,90.0%,187.50,5.0%,0,91.23%
11,Brgy Liangan East,7500.00,750.00,10.0%,1875.00,25.0%,4875.00,65.0%,0,0.00%
11,Brgy Ezperanza,22500.00,4500.00,20.0%,11250.00,50.0%,6750.00,30.0%,0,0.00%
11,Brgy Poblacion,50000.00,10000.00,20.0%,30000.00,60.0%,10000.00,20.0%,1,89.24%
11,Brgy Binuni,31592.50,6318.50,20.0%,12637.00,40.0%,12637.00,40.0%,0,93.69%
11,Brgy Demologan,5250.00,262.50,5.0%,4462.50,85.0%,525.00,10.0%,0,88.98%
11,Brgy Mati,20000.00,4000.00,20.0%,6000.00,30.0%,10000.00,50.0%,0,96.97%
11,Brgy Babalaya,3750.00,187.50,5.0%,3375.00,90.0%,187.50,5.0%,0,87.13%
12,Brgy Liangan East,7500.00,750.00,10.0%,1875.00,25.0%,4875.00,65.0%,0,0.00%
12,Brgy Ezperanza,22500.00,4500.00,20.0%,11250.00,50.0%,6750.00,30.0%,0,0.00%
12,Brgy Poblacion,50000.00,10000.00,20.0%,30000.00,60.0%,10000.00,20.0%,1,90.61%
12,Brgy Binuni,31592.50,6318.50,20.0%,12637.00,40.0%,12637.00,40.0%,0,92.90%
12,Brgy Demologan,5250.00,262.50,5.0%,4462.50,85.0%,525.00,10.0%,0,89.20%
12,Brgy Mati,20000.00,4000.00,20.0%,6000.00,30.0%,10000.00,50.0%,0,97.58%
12,Brgy Babalaya,3750.00,187.50,5.0%,3375.00,90.0%,187.50,5.0%,0,91.81%
12,Brgy Liangan East,7500.00,750.00,10.0%,1875.00,25.0%,4875.00,65.0%,0,0.00%
12,Brgy Ezperanza,22500.00,4500.00,20.0%,11250.00,50.0%,6750.00,30.0%,0,0.00%
12,Brgy Poblacion,50000.00,10000.00,20.0%,30000.00,60.0%,10000.00,20.0%,1,90.29%
12,Brgy Binuni,31592.50,6318.50,20.0%,12637.00,40.0%,12637.00,40.0%,0,93.89%
12,Brgy Demologan,5250.00,262.50,5.0%,4462.50,85.0%,525.00,10.0%,0,91.58%
12,Brgy Mati,20000.00,4000.00,20.0%,6000.00,30.0%,10000.00,50.0%,0,96.97%
12,Brgy Babalaya,3750.00,187.50,5.0%,3375.00,90.0%,187.50,5.0%,0,85.96%
12,Brgy Liangan East,7500.00,750.00,10.0%,1875.00,25.0%,4875.00,65.0%,0,0.00%
12,Brgy Ezperanza,22500.00,4500.00,20.0%,11250.00,50.0%,6750.00,30.0%,0,0.00%
12,Brgy Poblacion,50000.00,10000.00,20.0%,30000.00,60.0%,10000.00,20.0%,1,91.20%
12,Brgy Binuni,31592.50,6318.50,20.0%,12637.00,40.0%,12637.00,40.0%,0,95.66%
12,Brgy Demologan,5250.00,262.50,5.0%,4462.50,85.0%,525.00,10.0%,0,92.87%
12,Brgy Mati,20000.00,4000.00,20.0%,6000.00,30.0%,10000.00,50.0%,0,98.18%
12,Brgy Babalaya,3750.00,187.50,5.0%,3375.00,90.0%,187.50,5.0%,0,91.81%
12,Brgy Liangan East,7500.00,750.00,10.0%,1875.00,25.0%,4875.00,65.0%,0,0.00%
12,Brgy Ezperanza,22500.00,4500.00,20.0%,11250.00,50.0%,6750.00,30.0%,0,0.00%
12,Brgy Poblacion,50000.00,10000.00,20.0%,30000.00,60.0%,10000.00,20.0%,1,90.03%
12,Brgy Binuni,31592.50,6318.50,20.0%,12637.00,40.0%,12637.00,40.0%,0,92.31%
12,Brgy Demologan,5250.00,262.50,5.0%,4462.50,85.0%,525.00,10.0%,0,89.63%
12,Brgy Mati,20000.00,4000.00,20.0%,6000.00,30.0%,10000.00,50.0%,0,98.79%
12,Brgy Babalaya,3750.00,187.50,5.0%,3375.00,90.0%,187.50,5.0%,0,90.06%
13,Brgy Liangan East,7500.00,750.00,10.0%,1875.00,25.0%,4875.00,65.0%,0,0.00%
13,Brgy Ezperanza,22500.00,4500.00,20.0%,11250.00,50.0%,6750.00,30.0%,0,0.00%
13,Brgy Poblacion,50000.00,10000.00,20.0%,30000.00,60.0%,10000.00,20.0%,1,91.40%
13,Brgy Binuni,31592.50,6318.50,20.0%,12637.00,40.0%,12637.00,40.0%,0,92.70%
13,Brgy Demologan,5250.00,262.50,5.0%,4462.50,85.0%,525.00,10.0%,0,90.28%
13,Brgy Mati,20000.00,4000.00,20.0%,6000.00,30.0%,10000.00,50.0%,0,98.79%
13,Brgy Babalaya,3750.00,187.50,5.0%,3375.00,90.0%,187.50,5.0%,0,86.55%
13,Brgy Liangan East,7500.00,750.00,10.0%,1875.00,25.0%,4875.00,65.0%,0,0.00%
13,Brgy Ezperanza,22500.00,4500.00,20.0%,11250.00,50.0%,6750.00,30.0%,0,0.00%
13,Brgy Poblacion,50000.00,10000.00,20.0%,30000.00,60.0%,10000.00,20.0%,1,91.33%
13,Brgy Binuni,31592.50,6318.50,20.0%,12637.00,40.0%,12637.00,40.0%,0,92.70%
13,Brgy Demologan,5250.00,262.50,5.0%,4462.50,85.0%,525.00,10.0%,0,90.50%
13,Brgy Mati,20000.00,4000.00,20.0%,6000.00,30.0%,10000.00,50.0%,0,96.36%
13,Brgy Babalaya,3750.00,187.50,5.0%,3375.00,90.0%,187.50,5.0%,0,90.06%
13,Brgy Liangan East,7500.00,750.00,10.0%,1875.00,25.0%,4875.00,65.0%,0,0.00%
13,Brgy Ezperanza,22500.00,4500.00,20.0%,11250.00,50.0%,6750.00,30.0%,0,0.00%
13,Brgy Poblacion,50000.00,10000.00,20.0%,30000.00,60.0%,10000.00,20.0%,1,90.48%
13,Brgy Binuni,31592.50,6318.50,20.0%,12637.00,40.0%,12637.00,40.0%,0,92.70%
13,Brgy Demologan,5250.00,262.50,5.0%,4462.50,85.0%,525.00,10.0%,0,88.34%
13,Brgy Mati,20000.00,4000.00,20.0%,6000.00,30.0%,10000.00,50.0%,0,98.79%
13,Brgy Babalaya,3750.00,187.50,5.0%,3375.00,90.0%,187.50,5.0%,0,88.89%
13,Brgy Liangan East,7500.00,750.00,10.0%,1875.00,25.0%,4875.00,65.0%,0,0.00%
13,Brgy Ezperanza,22500.00,4500.00,20.0%,11250.00,50.0%,6750.00,30.0%,0,0.00%
13,Brgy Poblacion,50000.00,10000.00,20.0%,30000.00,60.0%,10000.00,20.0%,1,90.74%
13,Brgy Binuni,31592.50,6318.50,20.0%,12637.00,40.0%,12637.00,40.0%,0,93.10%
13,Brgy Demologan,5250.00,262.50,5.0%,4462.50,85.0%,525.00,10.0%,0,89.42%
13,Brgy Mati,20000.00,4000.00,20.0%,6000.00,30.0%,10000.00,50.0%,0,98.79%
13,Brgy Babalaya,3750.00,187.50,5.0%,3375.00,90.0%,187.50,5.0%,0,81.87%
1,Brgy Liangan East,7500.00,750.00,10.0%,1875.00,25.0%,4875.00,65.0%,0,15.46%
1,Brgy Ezperanza,22500.00,4500.00,20.0%,11250.00,50.0%,6750.00,30.0%,0,13.07%
1,Brgy Poblacion,50000.00,10000.00,20.0%,30000.00,60.0%,10000.00,20.0%,1,1.63%
1,Brgy Binuni,31592.50,6318.50,20.0%,12637.00,40.0%,12637.00,40.0%,0,16.17%
1,Brgy Demologan,5250.00,262.50,5.0%,4462.50,85.0%,525.00,10.0%,0,11.66%
1,Brgy Mati,20000.00,4000.00,20.0%,6000.00,30.0%,10000.00,50.0%,0,12.73%
1,Brgy Babalaya,3750.00,187.50,5.0%,3375.00,90.0%,187.50,5.0%,0,14.04%
2,Brgy Liangan East,7500.00,750.00,10.0%,1875.00,25.0%,4875.00,65.0%,0,0.00%
2,Brgy Ezperanza,22500.00,4500.00,20.0%,11250.00,50.0%,6750.00,30.0%,0,0.00%
2,Brgy Poblacion,50000.00,10000.00,20.0%,30000.00,60.0%,10000.00,20.0%,1,91.72%
2,Brgy Binuni,31592.50,6318.50,20.0%,12637.00,40.0%,12637.00,40.0%,0,94.67%
2,Brgy Demologan,5250.00,262.50,5.0%,4462.50,85.0%,525.00,10.0%,0,91.14%
2,Brgy Mati,20000.00,4000.00,20.0%,6000.00,30.0%,10000.00,50.0%,0,97.58%
2,Brgy Babalaya,3750.00,187.50,5.0%,3375.00,90.0%,187.50,5.0%,0,87.72%
3,Brgy Liangan East,7500.00,750.00,10.0%,1875.00,25.0%,4875.00,65.0%,0,0.00%
3,Brgy Ezperanza,22500.00,4500.00,20.0%,11250.00,50.0%,6750.00,30.0%,0,0.00%
3,Brgy Poblacion,50000.00,10000.00,20.0%,30000.00,60.0%,10000.00,20.0%,1,90.55%
3,Brgy Binuni,31592.50,6318.50,20.0%,12637.00,40.0%,12637.00,40.0%,0,95.07%
3,Brgy Demologan,5250.00,262.50,5.0%,4462.50,85.0%,525.00,10.0%,0,89.63%
3,Brgy Mati,20000.00,4000.00,20.0%,6000.00,30.0%,10000.00,50.0%,0,98.18%
3,Brgy Babalaya,3750.00,187.50,5.0%,3375.00,90.0%,187.50,5.0%,0,87.72%
4,Brgy Liangan East,7500.00,750.00,10.0%,1875.00,25.0%,4875.00,65.0%,0,0.00%
4,Brgy Ezperanza,22500.00,4500.00,20.0%,11250.00,50.0%,6750.00,30.0%,0,0.00%
4,Brgy Poblacion,50000.00,10000.00,20.0%,30000.00,60.0%,10000.00,20.0%,1,89.57%
4,Brgy Binuni,31592.50,6318.50,20.0%,12637.00,40.0%,12637.00,40.0%,0,95.27%
4,Brgy Demologan,5250.00,262.50,5.0%,4462.50,85.0%,525.00,10.0%,0,89.42%
4,Brgy Mati,20000.00,4000.00,20.0%,6000.00,30.0%,10000.00,50.0%,0,98.79%
4,Brgy Babalaya,3750.00,187.50,5.0%,3375.00,90.0%,187.50,5.0%,0,92.40%
5,Brgy Liangan East,7500.00,750.00,10.0%,1875.00,25.0%,4875.00,65.0%,0,0.00%
5,Brgy Ezperanza,22500.00,4500.00,20.0%,11250.00,50.0%,6750.00,30.0%,0,0.00%
5,Brgy Poblacion,50000.00,10000.00,20.0%,30000.00,60.0%,10000.00,20.0%,1,89.31%
5,Brgy Binuni,31592.50,6318.50,20.0%,12637.00,40.0%,12637.00,40.0%,0,93.89%
5,Brgy Demologan,5250.00,262.50,5.0%,4462.50,85.0%,525.00,10.0%,0,88.98%
5,Brgy Mati,20000.00,4000.00,20.0%,6000.00,30.0%,10000.00,50.0%,0,97.58%
5,Brgy Babalaya,3750.00,187.50,5.0%,3375.00,90.0%,187.50,5.0%,0,90.64%
6,Brgy Liangan East,7500.00,750.00,10.0%,1875.00,25.0%,4875.00,65.0%,0,0.00%
6,Brgy Ezperanza,22500.00,4500.00,20.0%,11250.00,50.0%,6750.00,30.0%,0,0.00%
6,Brgy Poblacion,50000.00,10000.00,20.0%,30000.00,60.0%,10000.00,20.0%,1,90.03%
6,Brgy Binuni,31592.50,6318.50,20.0%,12637.00,40.0%,12637.00,40.0%,0,94.08%
6,Brgy Demologan,5250.00,262.50,5.0%,4462.50,85.0%,525.00,10.0%,0,90.06%
6,Brgy Mati,20000.00,4000.00,20.0%,6000.00,30.0%,10000.00,50.0%,0,99.39%
6,Brgy Babalaya,3750.00,187.50,5.0%,3375.00,90.0%,187.50,5.0%,0,82.46%
7,Brgy Liangan East,7500.00,750.00,10.0%,1875.00,25.0%,4875.00,65.0%,0,0.00%
7,Brgy Ezperanza,22500.00,4500.00,20.0%,11250.00,50.0%,6750.00,30.0%,0,0.00%
7,Brgy Poblacion,50000.00,10000.00,20.0%,30000.00,60.0%,10000.00,20.0%,1,88.98%
7,Brgy Binuni,31592.50,6318.50,20.0%,12637.00,40.0%,12637.00,40.0%,0,94.67%
7,Brgy Demologan,5250.00,262.50,5.0%,4462.50,85.0%,525.00,10.0%,0,89.42%
7,Brgy Mati,20000.00,4000.00,20.0%,6000.00,30.0%,10000.00,50.0%,0,99.39%
7,Brgy Babalaya,3750.00,187.50,5.0%,3375.00,90.0%,187.50,5.0%,0,86.55%
8,Brgy Liangan East,7500.00,750.00,10.0%,1875.00,25.0%,4875.00,65.0%,0,0.00%
8,Brgy Ezperanza,22500.00,4500.00,20.0%,11250.00,50.0%,6750.00,30.0%,0,0.00%
8,Brgy Poblacion,50000.00,10000.00,20.0%,30000.00,60.0%,10000.00,20.0%,1,91.98%
8,Brgy Binuni,31592.50,6318.50,20.0%,12637.00,40.0%,12637.00,40.0%,0,94.28%
8,Brgy Demologan,5250.00,262.50,5.0%,4462.50,85.0%,525.00,10.0%,0,91.58%
8,Brgy Mati,20000.00,4000.00,20.0%,6000.00,30.0%,10000.00,50.0%,0,98.79%
8,Brgy Babalaya,3750.00,187.50,5.0%,3375.00,90.0%,187.50,5.0%,0,87.72%
9,Brgy Liangan East,7500.00,750.00,10.0%,1875.00,25.0%,4875.00,65.0%,0,0.00%
9,Brgy Ezperanza,22500.00,4500.00,20.0%,11250.00,50.0%,6750.00,30.0%,0,0.00%
9,Brgy Poblacion,50000.00,10000.00,20.0%,30000.00,60.0%,10000.00,20.0%,1,90.22%
9,Brgy Binuni,31592.50,6318.50,20.0%,12637.00,40.0%,12637.00,40.0%,0,95.27%
9,Brgy Demologan,5250.00,262.50,5.0%,4462.50,85.0%,525.00,10.0%,0,88.34%
9,Brgy Mati,20000.00,4000.00,20.0%,6000.00,30.0%,10000.00,50.0%,0,100.00%
9,Brgy Babalaya,3750.00,187.50,5.0%,3375.00,90.0%,187.50,5.0%,0,87.72%
10,Brgy Liangan East,7500.00,750.00,10.0%,1875.00,25.0%,4875.00,65.0%,0,0.00%
10,Brgy Ezperanza,22500.00,4500.00,20.0%,11250.00,50.0%,6750.00,30.0%,0,0.00%
10,Brgy Poblacion,50000.00,10000.00,20.0%,30000.00,60.0%,10000.00,20.0%,1,90.61%
10,Brgy Binuni,31592.50,6318.50,20.0%,12637.00,40.0%,12637.00,40.0%,0,95.27%
10,Brgy Demologan,5250.00,262.50,5.0%,4462.50,85.0%,525.00,10.0%,0,92.87%
10,Brgy Mati,20000.00,4000.00,20.0%,6000.00,30.0%,10000.00,50.0%,0,98.79%
10,Brgy Babalaya,3750.00,187.50,5.0%,3375.00,90.0%,187.50,5.0%,0,85.96%
11,Brgy Liangan East,7500.00,750.00,10.0%,1875.00,25.0%,4875.00,65.0%,0,0.00%
11,Brgy Ezperanza,22500.00,4500.00,20.0%,11250.00,50.0%,6750.00,30.0%,0,0.00%
11,Brgy Poblacion,50000.00,10000.00,20.0%,30000.00,60.0%,10000.00,20.0%,1,88.85%
11,Brgy Binuni,31592.50,6318.50,20.0%,12637.00,40.0%,12637.00,40.0%,0,92.50%
11,Brgy Demologan,5250.00,262.50,5.0%,4462.50,85.0%,525.00,10.0%,0,86.39%
11,Brgy Mati,20000.00,4000.00,20.0%,6000.00,30.0%,10000.00,50.0%,0,98.79%
11,Brgy Babalaya,3750.00,187.50,5.0%,3375.00,90.0%,187.50,5.0%,0,88.89%
12,Brgy Liangan East,7500.00,750.00,10.0%,1875.00,25.0%,4875.00,65.0%,0,0.00%
12,Brgy Ezperanza,22500.00,4500.00,20.0%,11250.00,50.0%,6750.00,30.0%,0,0.00%
12,Brgy Poblacion,50000.00,10000.00,20.0%,30000.00,60.0%,10000.00,20.0%,1,88.33%
12,Brgy Binuni,31592.50,6318.50,20.0%,12637.00,40.0%,12637.00,40.0%,0,92.50%
12,Brgy Demologan,5250.00,262.50,5.0%,4462.50,85.0%,525.00,10.0%,0,89.20%
12,Brgy Mati,20000.00,4000.00,20.0%,6000.00,30.0%,10000.00,50.0%,0,98.79%
12,Brgy Babalaya,3750.00,187.50,5.0%,3375.00,90.0%,187.50,5.0%,0,88.30%
13,Brgy Liangan East,7500.00,750.00,10.0%,1875.00,25.0%,4875.00,65.0%,0,0.00%
13,Brgy Ezperanza,22500.00,4500.00,20.0%,11250.00,50.0%,6750.00,30.0%,0,0.00%
13,Brgy Poblacion,50000.00,10000.00,20.0%,30000.00,60.0%,10000.00,20.0%,1,90.68%
13,Brgy Binuni,31592.50,6318.50,20.0%,12637.00,40.0%,12637.00,40.0%,0,94.08%
13,Brgy Demologan,5250.00,262.50,5.0%,4462.50,85.0%,525.00,10.0%,0,89.63%
13,Brgy Mati,20000.00,4000.00,20.0%,6000.00,30.0%,10000.00,50.0%,0,99.39%
13,Brgy Babalaya,3750.00,187.50,5.0%,3375.00,90.0%,187.50,5.0%,0,84.21%
1,Brgy Liangan East,7500.00,750.00,10.0%,1875.00,25.0%,4875.00,65.0%,0,12.66%
1,Brgy Ezperanza,22500.00,4500.00,20.0%,11250.00,50.0%,6750.00,30.0%,0,13.76%
1,Brgy Poblacion,50000.00,10000.00,20.0%,30000.00,60.0%,10000.00,20.0%,1,1.43%
1,Brgy Binuni,31592.50,6318.50,20.0%,12637.00,40.0%,12637.00,40.0%,0,12.62%
1,Brgy Demologan,5250.00,262.50,5.0%,4462.50,85.0%,525.00,10.0%,0,12.53%
1,Brgy Mati,20000.00,4000.00,20.0%,6000.00,30.0%,10000.00,50.0%,0,6.06%
1,Brgy Babalaya,3750.00,187.50,5.0%,3375.00,90.0%,187.50,5.0%,0,14.04%
1,Brgy Liangan East,7500.00,750.00,10.0%,1875.00,25.0%,4875.00,65.0%,0,13.16%
1,Brgy Ezperanza,22500.00,4500.00,20.0%,11250.00,50.0%,6750.00,30.0%,0,14.98%
1,Brgy Poblacion,50000.00,10000.00,20.0%,30000.00,60.0%,10000.00,20.0%,1,2.02%
1,Brgy Binuni,31592.50,6318.50,20.0%,12637.00,40.0%,12637.00,40.0%,0,13.81%
1,Brgy Demologan,5250.00,262.50,5.0%,4462.50,85.0%,525.00,10.0%,0,11.23%
1,Brgy Mati,20000.00,4000.00,20.0%,6000.00,30.0%,10000.00,50.0%,0,7.88%
1,Brgy Babalaya,3750.00,187.50,5.0%,3375.00,90.0%,187.50,5.0%,0,12.87%
1,Brgy Liangan East,7500.00,750.00,10.0%,1875.00,25.0%,4875.00,65.0%,0,14.64%
1,Brgy Ezperanza,22500.00,4500.00,20.0%,11250.00,50.0%,6750.00,30.0%,0,14.81%
1,Brgy Poblacion,50000.00,10000.00,20.0%,30000.00,60.0%,10000.00,20.0%,1,2.15%
1,Brgy Binuni,31592.50,6318.50,20.0%,12637.00,40.0%,12637.00,40.0%,0,16.17%
1,Brgy Demologan,5250.00,262.50,5.0%,4462.50,85.0%,525.00,10.0%,0,10.15%
1,Brgy Mati,20000.00,4000.00,20.0%,6000.00,30.0%,10000.00,50.0%,0,12.73%
1,Brgy Babalaya,3750.00,187.50,5.0%,3375.00,90.0%,187.50,5.0%,0,16.37%
1,Brgy Liangan East,7500.00,750.00,10.0%,1875.00,25.0%,4875.00,65.0%,0,13.49%
1,Brgy Ezperanza,22500.00,4500.00,20.0%,11250.00,50.0%,6750.00,30.0%,0,11.32%
1,Brgy Poblacion,50000.00,10000.00,20.0%,30000.00,60.0%,10000.00,20.0%,1,2.35%
1,Brgy Binuni,31592.50,6318.50,20.0%,12637.00,40.0%,12637.00,40.0%,0,15.38%
1,Brgy Demologan,5250.00,262.50,5.0%,4462.50,85.0%,525.00,10.0%,0,12.96%
1,Brgy Mati,20000.00,4000.00,20.0%,6000.00,30.0%,10000.00,50.0%,0,13.33%
1,Brgy Babalaya,3750.00,187.50,5.0%,3375.00,90.0%,187.50,5.0%,0,16.37%
2,Brgy Liangan East,7500.00,750.00,10.0%,1875.00,25.0%,4875.00,65.0%,0,0.00%
2,Brgy Ezperanza,22500.00,4500.00,20.0%,11250.00,50.0%,6750.00,30.0%,0,0.00%
2,Brgy Poblacion,50000.00,10000.00,20.0%,30000.00,60.0%,10000.00,20.0%,1,90.42%
2,Brgy Binuni,31592.50,6318.50,20.0%,12637.00,40.0%,12637.00,40.0%,0,96.06%
2,Brgy Demologan,5250.00,262.50,5.0%,4462.50,85.0%,525.00,10.0%,0,88.77%
2,Brgy Mati,20000.00,4000.00,20.0%,6000.00,30.0%,10000.00,50.0%,0,99.39%
2,Brgy Babalaya,3750.00,187.50,5.0%,3375.00,90.0%,187.50,5.0%,0,88.89%
2,Brgy Liangan East,7500.00,750.00,10.0%,1875.00,25.0%,4875.00,65.0%,0,0.00%
2,Brgy Ezperanza,22500.00,4500.00,20.0%,11250.00,50.0%,6750.00,30.0%,0,0.00%
2,Brgy Poblacion,50000.00,10000.00,20.0%,30000.00,60.0%,10000.00,20.0%,1,89.63%
2,Brgy Binuni,31592.50,6318.50,20.0%,12637.00,40.0%,12637.00,40.0%,0,94.08%
2,Brgy Demologan,5250.00,262.50,5.0%,4462.50,85.0%,525.00,10.0%,0,88.77%
2,Brgy Mati,20000.00,4000.00,20.0%,6000.00,30.0%,10000.00,50.0%,0,98.18%
2,Brgy Babalaya,3750.00,187.50,5.0%,3375.00,90.0%,187.50,5.0%,0,88.89%
2,Brgy Liangan East,7500.00,750.00,10.0%,1875.00,25.0%,4875.00,65.0%,0,0.00%
2,Brgy Ezperanza,22500.00,4500.00,20.0%,11250.00,50.0%,6750.00,30.0%,0,0.00%
2,Brgy Poblacion,50000.00,10000.00,20.0%,30000.00,60.0%,10000.00,20.0%,1,89.70%
2,Brgy Binuni,31592.50,6318.50,20.0%,12637.00,40.0%,12637.00,40.0%,0,95.86%
2,Brgy Demologan,5250.00,262.50,5.0%,4462.50,85.0%,525.00,10.0%,0,90.06%
2,Brgy Mati,20000.00,4000.00,20.0%,6000.00,30.0%,10000.00,50.0%,0,99.39%
2,Brgy Babalaya,3750.00,187.50,5.0%,3375.00,90.0%,187.50,5.0%,0,84.80%
2,Brgy Liangan East,7500.00,750.00,10.0%,1875.00,25.0%,4875.00,65.0%,0,0.00%
2,Brgy Ezperanza,22500.00,4500.00,20.0%,11250.00,50.0%,6750.00,30.0%,0,0.00%
2,Brgy Poblacion,50000.00,10000.00,20.0%,30000.00,60.0%,10000.00,20.0%,1,89.57%
2,Brgy Binuni,31592.50,6318.50,20.0%,12637.00,40.0%,12637.00,40.0%,0,95.46%
2,Brgy Demologan,5250.00,262.50,5.0%,4462.50,85.0%,525.00,10.0%,0,87.69%
2,Brgy Mati,20000.00,4000.00,20.0%,6000.00,30.0%,10000.00,50.0%,0,96.97%
2,Brgy Babalaya,3750.00,187.50,5.0%,3375.00,90.0%,187.50,5.0%,0,88.30%
3,Brgy Liangan East,7500.00,750.00,10.0%,1875.00,25.0%,4875.00,65.0%,0,89.80%
3,Brgy Ezperanza,22500.00,4500.00,20.0%,11250.00,50.0%,6750.00,30.0%,0,0.00%
3,Brgy Poblacion,50000.00,10000.00,20.0%,30000.00,60.0%,10000.00,20.0%,1,90.81%
3,Brgy Binuni,31592.50,6318.50,20.0%,12637.00,40.0%,12637.00,40.0%,0,93.69%
3,Brgy Demologan,5250.00,262.50,5.0%,4462.50,85.0%,525.00,10.0%,0,88.98%
3,Brgy Mati,20000.00,4000.00,20.0%,6000.00,30.0%,10000.00,50.0%,0,99.39%
3,Brgy Babalaya,3750.00,187.50,5.0%,3375.00,90.0%,187.50,5.0%,0,85.96%
3,Brgy Liangan East,7500.00,750.00,10.0%,1875.00,25.0%,4875.00,65.0%,0,90.79%
3,Brgy Ezperanza,22500.00,4500.00,20.0%,11250.00,50.0%,6750.00,30.0%,0,0.00%
3,Brgy Poblacion,50000.00,10000.00,20.0%,30000.00,60.0%,10000.00,20.0%,1,90.55%
3,Brgy Binuni,31592.50,6318.50,20.0%,12637.00,40.0%,12637.00,40.0%,0,93.69%
3,Brgy Demologan,5250.00,262.50,5.0%,4462.50,85.0%,525.00,10.0%,0,90.50%
3,Brgy Mati,20000.00,4000.00,20.0%,6000.00,30.0%,10000.00,50.0%,0,98.79%
3,Brgy Babalaya,3750.00,187.50,5.0%,3375.00,90.0%,187.50,5.0%,0,87.13%
3,Brgy Liangan East,7500.00,750.00,10.0%,1875.00,25.0%,4875.00,65.0%,0,90.95%
3,Brgy Ezperanza,22500.00,4500.00,20.0%,11250.00,50.0%,6750.00,30.0%,0,0.00%
3,Brgy Poblacion,50000.00,10000.00,20.0%,30000.00,60.0%,10000.00,20.0%,1,89.63%
3,Brgy Binuni,31592.50,6318.50,20.0%,12637.00,40.0%,12637.00,40.0%,0,92.50%
3,Brgy Demologan,5250.00,262.50,5.0%,4462.50,85.0%,525.00,10.0%,0,90.06%
3,Brgy Mati,20000.00,4000.00,20.0%,6000.00,30.0%,10000.00,50.0%,0,99.39%
3,Brgy Babalaya,3750.00,187.50,5.0%,3375.00,90.0%,187.50,5.0%,0,86.55%
3,Brgy Liangan East,7500.00,750.00,10.0%,1875.00,25.0%,4875.00,65.0%,0,91.28%
3,Brgy Ezperanza,22500.00,4500.00,20.0%,11250.00,50.0%,6750.00,30.0%,0,0.00%
3,Brgy Poblacion,50000.00,10000.00,20.0%,30000.00,60.0%,10000.00,20.0%,1,90.94%
3,Brgy Binuni,31592.50,6318.50,20.0%,12637.00,40.0%,12637.00,40.0%,0,93.89%
3,Brgy Demologan,5250.00,262.50,5.0%,4462.50,85.0%,525.00,10.0%,0,92.01%
3,Brgy Mati,20000.00,4000.00,20.0%,6000.00,30.0%,10000.00,50.0%,0,98.79%
3,Brgy Babalaya,3750.00,187.50,5.0%,3375.00,90.0%,187.50,5.0%,0,88.30%
4,Brgy Liangan East,7500.00,750.00,10.0%,1875.00,25.0%,4875.00,65.0%,0,90.79%
4,Brgy Ezperanza,22500.00,4500.00,20.0%,11250.00,50.0%,6750.00,30.0%,0,99.30%
4,Brgy Poblacion,50000.00,10000.00,20.0%,30000.00,60.0%,10000.00,20.0%,1,90.35%
4,Brgy Binuni,31592.50,6318.50,20.0%,12637.00,40.0%,12637.00,40.0%,0,95.46%
4,Brgy Demologan,5250.00,262.50,5.0%,4462.50,85.0%,525.00,10.0%,0,86.83%
4,Brgy Mati,20000.00,4000.00,20.0%,6000.00,30.0%,10000.00,50.0%,0,97.58%
4,Brgy Babalaya,3750.00,187.50,5.0%,3375.00,90.0%,187.50,5.0%,0,92.98%
4,Brgy Liangan East,7500.00,750.00,10.0%,1875.00,25.0%,4875.00,65.0%,0,92.76%
4,Brgy Ezperanza,22500.00,4500.00,20.0%,11250.00,50.0%,6750.00,30.0%,0,99.65%
4,Brgy Poblacion,50000.00,10000.00,20.0%,30000.00,60.0%,10000.00,20.0%,1,89.63%
4,Brgy Binuni,31592.50,6318.50,20.0%,12637.00,40.0%,12637.00,40.0%,0,94.87%
4,Brgy Demologan,5250.00,262.50,5.0%,4462.50,85.0%,525.00,10.0%,0,88.98%
4,Brgy Mati,20000.00,4000.00,20.0%,6000.00,30.0%,10000.00,50.0%,0,98.79%
4,Brgy Babalaya,3750.00,187.50,5.0%,3375.00,90.0%,187.50,5.0%,0,86.55%
4,Brgy Liangan East,7500.00,750.00,10.0%,1875.00,25.0%,4875.00,65.0%,0,90.79%
4,Brgy Ezperanza,22500.00,4500.00,20.0%,11250.00,50.0%,6750.00,30.0%,0,99.65%
4,Brgy Poblacion,50000.00,10000.00,20.0%,30000.00,60.0%,10000.00,20.0%,1,89.37%
4,Brgy Binuni,31592.50,6318.50,20.0%,12637.00,40.0%,12637.00,40.0%,0,92.70%
4,Brgy Demologan,5250.00,262.50,5.0%,4462.50,85.0%,525.00,10.0%,0,91.58%
4,Brgy Mati,20000.00,4000.00,20.0%,6000.00,30.0%,10000.00,50.0%,0,98.18%
4,Brgy Babalaya,3750.00,187.50,5.0%,3375.00,90.0%,187.50,5.0%,0,88.89%
4,Brgy Liangan East,7500.00,750.00,10.0%,1875.00,25.0%,4875.00,65.0%,0,91.61%
4,Brgy Ezperanza,22500.00,4500.00,20.0%,11250.00,50.0%,6750.00,30.0%,0,99.30%
4,Brgy Poblacion,50000.00,10000.00,20.0%,30000.00,60.0%,10000.00,20.0%,1,89.77%
4,Brgy Binuni,31592.50,6318.50,20.0%,12637.00,40.0%,12637.00,40.0%,0,92.11%
4,Brgy Demologan,5250.00,262.50,5.0%,4462.50,85.0%,525.00,10.0%,0,88.34%
4,Brgy Mati,20000.00,4000.00,20.0%,6000.00,30.0%,10000.00,50.0%,0,98.79%
4,Brgy Babalaya,3750.00,187.50,5.0%,3375.00,90.0%,187.50,5.0%,0,87.72%
5,Brgy Liangan East,7500.00,750.00,10.0%,1875.00,25.0%,4875.00,65.0%,0,92.60%
5,Brgy Ezperanza,22500.00,4500.00,20.0%,11250.00,50.0%,6750.00,30.0%,0,89.55%
5,Brgy Poblacion,50000.00,10000.00,20.0%,30000.00,60.0%,10000.00,20.0%,1,90.42%
5,Brgy Binuni,31592.50,6318.50,20.0%,12637.00,40.0%,12637.00,40.0%,0,95.46%
5,Brgy Demologan,5250.00,262.50,5.0%,4462.50,85.0%,525.00,10.0%,0,87.69%
5,Brgy Mati,20000.00,4000.00,20.0%,6000.00,30.0%,10000.00,50.0%,0,99.39%
5,Brgy Babalaya,3750.00,187.50,5.0%,3375.00,90.0%,187.50,5.0%,0,89.47%
5,Brgy Liangan East,7500.00,750.00,10.0%,1875.00,25.0%,4875.00,65.0%,0,90.13%
5,Brgy Ezperanza,22500.00,4500.00,20.0%,11250.00,50.0%,6750.00,30.0%,0,92.51%
5,Brgy Poblacion,50000.00,10000.00,20.0%,30000.00,60.0%,10000.00,20.0%,1,89.77%
5,Brgy Binuni,31592.50,6318.50,20.0%,12637.00,40.0%,12637.00,40.0%,0,93.69%
5,Brgy Demologan,5250.00,262.50,5.0%,4462.50,85.0%,525.00,10.0%,0,87.90%
5,Brgy Mati,20000.00,4000.00,20.0%,6000.00,30.0%,10000.00,50.0%,0,99.39%
5,Brgy Babalaya,3750.00,187.50,5.0%,3375.00,90.0%,187.50,5.0%,0,87.13%
5,Brgy Liangan East,7500.00,750.00,10.0%,1875.00,25.0%,4875.00,65.0%,0,92.27%
5,Brgy Ezperanza,22500.00,4500.00,20.0%,11250.00,50.0%,6750.00,30.0%,0,92.68%
5,Brgy Poblacion,50000.00,10000.00,20.0%,30000.00,60.0%,10000.00,20.0%,1,91.40%
5,Brgy Binuni,31592.50,6318.50,20.0%,12637.00,40.0%,12637.00,40.0%,0,95.46%
5,Brgy Demologan,5250.00,262.50,5.0%,4462.50,85.0%,525.00,10.0%,0,90.50%
5,Brgy Mati,20000.00,4000.00,20.0%,6000.00,30.0%,10000.00,50.0%,0,99.39%
5,Brgy Babalaya,3750.00,187.50,5.0%,3375.00,90.0%,187.50,5.0%,0,90.06%
5,Brgy Liangan East,7500.00,750.00,10.0%,1875.00,25.0%,4875.00,65.0%,0,88.16%
5,Brgy Ezperanza,22500.00,4500.00,20.0%,11250.00,50.0%,6750.00,30.0%,0,93.03%
5,Brgy Poblacion,50000.00,10000.00,20.0%,30000.00,60.0%,10000.00,20.0%,1,90.74%
5,Brgy Binuni,31592.50,6318.50,20.0%,12637.00,40.0%,12637.00,40.0%,0,95.66%
5,Brgy Demologan,5250.00,262.50,5.0%,4462.50,85.0%,525.00,10.0%,0,88.12%
5,Brgy Mati,20000.00,4000.00,20.0%,6000.00,30.0%,10000.00,50.0%,0,99.39%
5,Brgy Babalaya,3750.00,187.50,5.0%,3375.00,90.0%,187.50,5.0%,0,88.30%
6,Brgy Liangan East,7500.00,750.00,10.0%,1875.00,25.0%,4875.00,65.0%,0,91.94%
6,Brgy Ezperanza,22500.00,4500.00,20.0%,11250.00,50.0%,6750.00,30.0%,0,90.59%
6,Brgy Poblacion,50000.00,10000.00,20.0%,30000.00,60.0%,10000.00,20.0%,1,91.13%
6,Brgy Binuni,31592.50,6318.50,20.0%,12637.00,40.0%,12637.00,40.0%,0,92.50%
6,Brgy Demologan,5250.00,262.50,5.0%,4462.50,85.0%,525.00,10.0%,0,90.06%
6,Brgy Mati,20000.00,4000.00,20.0%,6000.00,30.0%,10000.00,50.0%,0,97.58%
6,Brgy Babalaya,3750.00,187.50,5.0%,3375.00,90.0%,187.50,5.0%,0,92.40%
6,Brgy Liangan East,7500.00,750.00,10.0%,1875.00,25.0%,4875.00,65.0%,0,90.62%
6,Brgy Ezperanza,22500.00,4500.00,20.0%,11250.00,50.0%,6750.00,30.0%,0,91.64%
6,Brgy Poblacion,50000.00,10000.00,20.0%,30000.00,60.0%,10000.00,20.0%,1,89.90%
6,Brgy Binuni,31592.50,6318.50,20.0%,12637.00,40.0%,12637.00,40.0%,0,93.89%
6,Brgy Demologan,5250.00,262.50,5.0%,4462.50,85.0%,525.00,10.0%,0,89.20%
6,Brgy Mati,20000.00,4000.00,20.0%,6000.00,30.0%,10000.00,50.0%,0,95.76%
6,Brgy Babalaya,3750.00,187.50,5.0%,3375.00,90.0%,187.50,5.0%,0,90.06%
6,Brgy Liangan East,7500.00,750.00,10.0%,1875.00,25.0%,4875.00,65.0%,0,89.97%
6,Brgy Ezperanza,22500.00,4500.00,20.0%,11250.00,50.0%,6750.00,30.0%,0,91.99%
6,Brgy Poblacion,50000.00,10000.00,20.0%,30000.00,60.0%,10000.00,20.0%,1,89.77%
6,Brgy Binuni,31592.50,6318.50,20.0%,12637.00,40.0%,12637.00,40.0%,0,94.87%
6,Brgy Demologan,5250.00,262.50,5.0%,4462.50,85.0%,525.00,10.0%,0,93.74%
6,Brgy Mati,20000.00,4000.00,20.0%,6000.00,30.0%,10000.00,50.0%,0,99.39%
6,Brgy Babalaya,3750.00,187.50,5.0%,3375.00,90.0%,187.50,5.0%,0,92.40%
6,Brgy Liangan East,7500.00,750.00,10.0%,1875.00,25.0%,4875.00,65.0%,0,89.47%
6,Brgy Ezperanza,22500.00,4500.00,20.0%,11250.00,50.0%,6750.00,30.0%,0,93.21%
6,Brgy Poblacion,50000.00,10000.00,20.0%,30000.00,60.0%,10000.00,20.0%,1,90.74%
6,Brgy Binuni,31592.50,6318.50,20.0%,12637.00,40.0%,12637.00,40.0%,0,92.70%
6,Brgy Demologan,5250.00,262.50,5.0%,4462.50,85.0%,525.00,10.0%,0,91.79%
6,Brgy Mati,20000.00,4000.00,20.0%,6000.00,30.0%,10000.00,50.0%,0,98.18%
6,Brgy Babalaya,3750.00,187.50,5.0%,3375.00,90.0%,187.50,5.0%,0,88.89%
7,Brgy Liangan East,7500.00,750.00,10.0%,1875.00,25.0%,4875.00,65.0%,0,89.31%
7,Brgy Ezperanza,22500.00,4500.00,20.0%,11250.00,50.0%,6750.00,30.0%,0,90.77%
7,Brgy Poblacion,50000.00,10000.00,20.0%,30000.00,60.0%,10000.00,20.0%,1,91.66%
7,Brgy Binuni,31592.50,6318.50,20.0%,12637.00,40.0%,12637.00,40.0%,0,93.10%
7,Brgy Demologan,5250.00,262.50,5.0%,4462.50,85.0%,525.00,10.0%,0,90.28%
7,Brgy Mati,20000.00,4000.00,20.0%,6000.00,30.0%,10000.00,50.0%,0,99.39%
7,Brgy Babalaya,3750.00,187.50,5.0%,3375.00,90.0%,187.50,5.0%,0,90.06%
7,Brgy Liangan East,7500.00,750.00,10.0%,1875.00,25.0%,4875.00,65.0%,0,90.95%
7,Brgy Ezperanza,22500.00,4500.00,20.0%,11250.00,50.0%,6750.00,30.0%,0,90.42%
7,Brgy Poblacion,50000.00,10000.00,20.0%,30000.00,60.0%,10000.00,20.0%,1,90.55%
7,Brgy Binuni,31592.50,6318.50,20.0%,12637.00,40.0%,12637.00,40.0%,0,96.25%
7,Brgy Demologan,5250.00,262.50,5.0%,4462.50,85.0%,525.00,10.0%,0,88.12%
7,Brgy Mati,20000.00,4000.00,20.0%,6000.00,30.0%,10000.00,50.0%,0,100.00%
7,Brgy Babalaya,3750.00,187.50,5.0%,3375.00,90.0%,187.50,5.0%,0,86.55%
7,Brgy Liangan East,7500.00,750.00,10.0%,1875.00,25.0%,4875.00,65.0%,0,89.97%
7,Brgy Ezperanza,22500.00,4500.00,20.0%,11250.00,50.0%,6750.00,30.0%,0,90.77%
7,Brgy Poblacion,50000.00,10000.00,20.0%,30000.00,60.0%,10000.00,20.0%,1,91.13%
7,Brgy Binuni,31592.50,6318.50,20.0%,12637.00,40.0%,12637.00,40.0%,0,95.27%
7,Brgy Demologan,5250.00,262.50,5.0%,4462.50,85.0%,525.00,10.0%,0,89.42%
7,Brgy Mati,20000.00,4000.00,20.0%,6000.00,30.0%,10000.00,50.0%,0,96.97%
7,Brgy Babalaya,3750.00,187.50,5.0%,3375.00,90.0%,187.50,5.0%,0,86.55%
7,Brgy Liangan East,7500.00,750.00,10.0%,1875.00,25.0%,4875.00,65.0%,0,91.28%
7,Brgy Ezperanza,22500.00,4500.00,20.0%,11250.00,50.0%,6750.00,30.0%,0,88.33%
7,Brgy Poblacion,50000.00,10000.00,20.0%,30000.00,60.0%,10000.00,20.0%,1,89.83%
7,Brgy Binuni,31592.50,6318.50,20.0%,12637.00,40.0%,12637.00,40.0%,0,94.67%
7,Brgy Demologan,5250.00,262.50,5.0%,4462.50,85.0%,525.00,10.0%,0,88.34%
7,Brgy Mati,20000.00,4000.00,20.0%,6000.00,30.0%,10000.00,50.0%,0,97.58%
7,Brgy Babalaya,3750.00,187.50,5.0%,3375.00,90.0%,187.50,5.0%,0,91.81%
8,Brgy Liangan East,7500.00,750.00,10.0%,1875.00,25.0%,4875.00,65.0%,0,91.78%
8,Brgy Ezperanza,22500.00,4500.00,20.0%,11250.00,50.0%,6750.00,30.0%,0,91.81%
8,Brgy Poblacion,50000.00,10000.00,20.0%,30000.00,60.0%,10000.00,20.0%,1,90.48%
8,Brgy Binuni,31592.50,6318.50,20.0%,12637.00,40.0%,12637.00,40.0%,0,93.49%
8,Brgy Demologan,5250.00,262.50,5.0%,4462.50,85.0%,525.00,10.0%,0,87.69%
8,Brgy Mati,20000.00,4000.00,20.0%,6000.00,30.0%,10000.00,50.0%,0,99.39%
8,Brgy Babalaya,3750.00,187.50,5.0%,3375.00,90.0%,187.50,5.0%,0,86.55%
8,Brgy Liangan East,7500.00,750.00,10.0%,1875.00,25.0%,4875.00,65.0%,0,90.62%
8,Brgy Ezperanza,22500.00,4500.00,20.0%,11250.00,50.0%,6750.00,30.0%,0,92.51%
8,Brgy Poblacion,50000.00,10000.00,20.0%,30000.00,60.0%,10000.00,20.0%,1,91.00%
8,Brgy Binuni,31592.50,6318.50,20.0%,12637.00,40.0%,12637.00,40.0%,0,94.87%
8,Brgy Demologan,5250.00,262.50,5.0%,4462.50,85.0%,525.00,10.0%,0,86.61%
8,Brgy Mati,20000.00,4000.00,20.0%,6000.00,30.0%,10000.00,50.0%,0,99.39%
8,Brgy Babalaya,3750.00,187.50,5.0%,3375.00,90.0%,187.50,5.0%,0,91.23%
8,Brgy Liangan East,7500.00,750.00,10.0%,1875.00,25.0%,4875.00,65.0%,0,90.30%
8,Brgy Ezperanza,22500.00,4500.00,20.0%,11250.00,50.0%,6750.00,30.0%,0,91.64%
8,Brgy Poblacion,50000.00,10000.00,20.0%,30000.00,60.0%,10000.00,20.0%,1,89.50%
8,Brgy Binuni,31592.50,6318.50,20.0%,12637.00,40.0%,12637.00,40.0%,0,95.46%
8,Brgy Demologan,5250.00,262.50,5.0%,4462.50,85.0%,525.00,10.0%,0,87.90%
8,Brgy Mati,20000.00,4000.00,20.0%,6000.00,30.0%,10000.00,50.0%,0,100.00%
8,Brgy Babalaya,3750.00,187.50,5.0%,3375.00,90.0%,187.50,5.0%,0,88.30%
8,Brgy Liangan East,7500.00,750.00,10.0%,1875.00,25.0%,4875.00,65.0%,0,87.01%
8,Brgy Ezperanza,22500.00,4500.00,20.0%,11250.00,50.0%,6750.00,30.0%,0,92.51%
8,Brgy Poblacion,50000.00,10000.00,20.0%,30000.00,60.0%,10000.00,20.0%,1,90.42%
8,Brgy Binuni,31592.50,6318.50,20.0%,12637.00,40.0%,12637.00,40.0%,0,90.14%
8,Brgy Demologan,5250.00,262.50,5.0%,4462.50,85.0%,525.00,10.0%,0,91.14%
8,Brgy Mati,20000.00,4000.00,20.0%,6000.00,30.0%,10000.00,50.0%,0,99.39%
8,Brgy Babalaya,3750.00,187.50,5.0%,3375.00,90.0%,187.50,5.0%,0,92.98%
9,Brgy Liangan East,7500.00,750.00,10.0%,1875.00,25.0%,4875.00,65.0%,0,90.30%
9,Brgy Ezperanza,22500.00,4500.00,20.0%,11250.00,50.0%,6750.00,30.0%,0,90.59%
9,Brgy Poblacion,50000.00,10000.00,20.0%,30000.00,60.0%,10000.00,20.0%,1,89.44%
9,Brgy Binuni,31592.50,6318.50,20.0%,12637.00,40.0%,12637.00,40.0%,0,94.67%
9,Brgy Demologan,5250.00,262.50,5.0%,4462.50,85.0%,525.00,10.0%,0,88.77%
9,Brgy Mati,20000.00,4000.00,20.0%,6000.00,30.0%,10000.00,50.0%,0,100.00%
9,Brgy Babalaya,3750.00,187.50,5.0%,3375.00,90.0%,187.50,5.0%,0,89.47%
9,Brgy Liangan East,7500.00,750.00,10.0%,1875.00,25.0%,4875.00,65.0%,0,93.26%
9,Brgy Ezperanza,22500.00,4500.00,20.0%,11250.00,50.0%,6750.00,30.0%,0,92.86%
9,Brgy Poblacion,50000.00,10000.00,20.0%,30000.00,60.0%,10000.00,20.0%,1,89.50%
9,Brgy Binuni,31592.50,6318.50,20.0%,12637.00,40.0%,12637.00,40.0%,0,93.69%
9,Brgy Demologan,5250.00,262.50,5.0%,4462.50,85.0%,525.00,10.0%,0,91.14%
9,Brgy Mati,20000.00,4000.00,20.0%,6000.00,30.0%,10000.00,50.0%,0,98.79%
9,Brgy Babalaya,3750.00,187.50,5.0%,3375.00,90.0%,187.50,5.0%,0,88.30%
9,Brgy Liangan East,7500.00,750.00,10.0%,1875.00,25.0%,4875.00,65.0%,0,89.97%
9,Brgy Ezperanza,22500.00,4500.00,20.0%,11250.00,50.0%,6750.00,30.0%,0,90.42%
9,Brgy Poblacion,50000.00,10000.00,20.0%,30000.00,60.0%,10000.00,20.0%,1,88.92%
9,Brgy Binuni,31592.50,6318.50,20.0%,12637.00,40.0%,12637.00,40.0%,0,95.46%
9,Brgy Demologan,5250.00,262.50,5.0%,4462.50,85.0%,525.00,10.0%,0,88.34%
9,Brgy Mati,20000.00,4000.00,20.0%,6000.00,30.0%,10000.00,50.0%,0,98.79%
9,Brgy Babalaya,3750.00,187.50,5.0%,3375.00,90.0%,187.50,5.0%,0,90.06%
9,Brgy Liangan East,7500.00,750.00,10.0%,1875.00,25.0%,4875.00,65.0%,0,91.78%
9,Brgy Ezperanza,22500.00,4500.00,20.0%,11250.00,50.0%,6750.00,30.0%,0,89.55%
9,Brgy Poblacion,50000.00,10000.00,20.0%,30000.00,60.0%,10000.00,20.0%,1,90.22%
9,Brgy Binuni,31592.50,6318.50,20.0%,12637.00,40.0%,12637.00,40.0%,0,94.87%
9,Brgy Demologan,5250.00,262.50,5.0%,4462.50,85.0%,525.00,10.0%,0,89.85%
9,Brgy Mati,20000.00,4000.00,20.0%,6000.00,30.0%,10000.00,50.0%,0,98.79%
9,Brgy Babalaya,3750.00,187.50,5.0%,3375.00,90.0%,187.50,5.0%,0,86.55%
10,Brgy Liangan East,7500.00,750.00,10.0%,1875.00,25.0%,4875.00,65.0%,0,91.45%
10,Brgy Ezperanza,22500.00,4500.00,20.0%,11250.00,50.0%,6750.00,30.0%,0,90.42%
10,Brgy Poblacion,50000.00,10000.00,20.0%,30000.00,60.0%,10000.00,20.0%,1,89.63%
10,Brgy Binuni,31592.50,6318.50,20.0%,12637.00,40.0%,12637.00,40.0%,0,93.29%
10,Brgy Demologan,5250.00,262.50,5.0%,4462.50,85.0%,525.00,10.0%,0,89.42%
10,Brgy Mati,20000.00,4000.00,20.0%,6000.00,30.0%,10000.00,50.0%,0,99.39%
10,Brgy Babalaya,3750.00,187.50,5.0%,3375.00,90.0%,187.50,5.0%,0,88.30%
10,Brgy Liangan East,7500.00,750.00,10.0%,1875.00,25.0%,4875.00,65.0%,0,90.13%
10,Brgy Ezperanza,22500.00,4500.00,20.0%,11250.00,50.0%,6750.00,30.0%,0,90.94%
10,Brgy Poblacion,50000.00,10000.00,20.0%,30000.00,60.0%,10000.00,20.0%,1,89.96%
10,Brgy Binuni,31592.50,6318.50,20.0%,12637.00,40.0%,12637.00,40.0%,0,93.89%
10,Brgy Demologan,5250.00,262.50,5.0%,4462.50,85.0%,525.00,10.0%,0,89.85%
10,Brgy Mati,20000.00,4000.00,20.0%,6000.00,30.0%,10000.00,50.0%,0,95.15%
10,Brgy Babalaya,3750.00,187.50,5.0%,3375.00,90.0%,187.50,5.0%,0,92.40%
10,Brgy Liangan East,7500.00,750.00,10.0%,1875.00,25.0%,4875.00,65.0%,0,91.28%
10,Brgy Ezperanza,22500.00,4500.00,20.0%,11250.00,50.0%,6750.00,30.0%,0,92.86%
10,Brgy Poblacion,50000.00,10000.00,20.0%,30000.00,60.0%,10000.00,20.0%,1,90.81%
10,Brgy Binuni,31592.50,6318.50,20.0%,12637.00,40.0%,12637.00,40.0%,0,93.69%
10,Brgy Demologan,5250.00,262.50,5.0%,4462.50,85.0%,525.00,10.0%,0,89.20%
10,Brgy Mati,20000.00,4000.00,20.0%,6000.00,30.0%,10000.00,50.0%,0,100.00%
10,Brgy Babalaya,3750.00,187.50,5.0%,3375.00,90.0%,187.50,5.0%,0,91.23%
10,Brgy Liangan East,7500.00,750.00,10.0%,1875.00,25.0%,4875.00,65.0%,0,91.12%
10,Brgy Ezperanza,22500.00,4500.00,20.0%,11250.00,50.0%,6750.00,30.0%,0,91.81%
10,Brgy Poblacion,50000.00,10000.00,20.0%,30000.00,60.0%,10000.00,20.0%,1,90.81%
10,Brgy Binuni,31592.50,6318.50,20.0%,12637.00,40.0%,12637.00,40.0%,0,93.29%
10,Brgy Demologan,5250.00,262.50,5.0%,4462.50,85.0%,525.00,10.0%,0,87.90%
10,Brgy Mati,20000.00,4000.00,20.0%,6000.00,30.0%,10000.00,50.0%,0,96.97%
10,Brgy Babalaya,3750.00,187.50,5.0%,3375.00,90.0%,187.50,5.0%,0,91.23%
11,Brgy Liangan East,7500.00,750.00,10.0%,1875.00,25.0%,4875.00,65.0%,0,92.27%
11,Brgy Ezperanza,22500.00,4500.00,20.0%,11250.00,50.0%,6750.00,30.0%,0,92.33%
11,Brgy Poblacion,50000.00,10000.00,20.0%,30000.00,60.0%,10000.00,20.0%,1,90.48%
11,Brgy Binuni,31592.50,6318.50,20.0%,12637.00,40.0%,12637.00,40.0%,0,94.87%
11,Brgy Demologan,5250.00,262.50,5.0%,4462.50,85.0%,525.00,10.0%,0,87.69%
11,Brgy Mati,20000.00,4000.00,20.0%,6000.00,30.0%,10000.00,50.0%,0,99.39%
11,Brgy Babalaya,3750.00,187.50,5.0%,3375.00,90.0%,187.50,5.0%,0,91.23%
11,Brgy Liangan East,7500.00,750.00,10.0%,1875.00,25.0%,4875.00,65.0%,0,90.46%
11,Brgy Ezperanza,22500.00,4500.00,20.0%,11250.00,50.0%,6750.00,30.0%,0,92.51%
11,Brgy Poblacion,50000.00,10000.00,20.0%,30000.00,60.0%,10000.00,20.0%,1,92.18%
11,Brgy Binuni,31592.50,6318.50,20.0%,12637.00,40.0%,12637.00,40.0%,0,92.90%
11,Brgy Demologan,5250.00,262.50,5.0%,4462.50,85.0%,525.00,10.0%,0,90.06%
11,Brgy Mati,20000.00,4000.00,20.0%,6000.00,30.0%,10000.00,50.0%,0,100.00%
11,Brgy Babalaya,3750.00,187.50,5.0%,3375.00,90.0%,187.50,5.0%,0,87.72%
11,Brgy Liangan East,7500.00,750.00,10.0%,1875.00,25.0%,4875.00,65.0%,0,92.60%
11,Brgy Ezperanza,22500.00,4500.00,20.0%,11250.00,50.0%,6750.00,30.0%,0,93.21%
11,Brgy Poblacion,50000.00,10000.00,20.0%,30000.00,60.0%,10000.00,20.0%,1,90.42%
11,Brgy Binuni,31592.50,6318.50,20.0%,12637.00,40.0%,12637.00,40.0%,0,93.29%
11,Brgy Demologan,5250.00,262.50,5.0%,4462.50,85.0%,525.00,10.0%,0,90.50%
11,Brgy Mati,20000.00,4000.00,20.0%,6000.00,30.0%,10000.00,50.0%,0,100.00%
11,Brgy Babalaya,3750.00,187.50,5.0%,3375.00,90.0%,187.50,5.0%,0,87.72%
11,Brgy Liangan East,7500.00,750.00,10.0%,1875.00,25.0%,4875.00,65.0%,0,89.80%
11,Brgy Ezperanza,22500.00,4500.00,20.0%,11250.00,50.0%,6750.00,30.0%,0,90.42%
11,Brgy Poblacion,50000.00,10000.00,20.0%,30000.00,60.0%,10000.00,20.0%,1,89.44%
11,Brgy Binuni,31592.50,6318.50,20.0%,12637.00,40.0%,12637.00,40.0%,0,93.49%
11,Brgy Demologan,5250.00,262.50,5.0%,4462.50,85.0%,525.00,10.0%,0,87.90%
11,Brgy Mati,20000.00,4000.00,20.0%,6000.00,30.0%,10000.00,50.0%,0,99.39%
11,Brgy Babalaya,3750.00,187.50,5.0%,3375.00,90.0%,187.50,5.0%,0,92.40%
12,Brgy Liangan East,7500.00,750.00,10.0%,1875.00,25.0%,4875.00,65.0%,0,91.78%
12,Brgy Ezperanza,22500.00,4500.00,20.0%,11250.00,50.0%,6750.00,30.0%,0,92.16%
12,Brgy Poblacion,50000.00,10000.00,20.0%,30000.00,60.0%,10000.00,20.0%,1,90.87%
12,Brgy Binuni,31592.50,6318.50,20.0%,12637.00,40.0%,12637.00,40.0%,0,94.67%
12,Brgy Demologan,5250.00,262.50,5.0%,4462.50,85.0%,525.00,10.0%,0,89.20%
12,Brgy Mati,20000.00,4000.00,20.0%,6000.00,30.0%,10000.00,50.0%,0,99.39%
12,Brgy Babalaya,3750.00,187.50,5.0%,3375.00,90.0%,187.50,5.0%,0,90.64%
12,Brgy Liangan East,7500.00,750.00,10.0%,1875.00,25.0%,4875.00,65.0%,0,90.79%
12,Brgy Ezperanza,22500.00,4500.00,20.0%,11250.00,50.0%,6750.00,30.0%,0,90.07%
12,Brgy Poblacion,50000.00,10000.00,20.0%,30000.00,60.0%,10000.00,20.0%,1,89.96%
12,Brgy Binuni,31592.50,6318.50,20.0%,12637.00,40.0%,12637.00,40.0%,0,93.49%
12,Brgy Demologan,5250.00,262.50,5.0%,4462.50,85.0%,525.00,10.0%,0,88.55%
12,Brgy Mati,20000.00,4000.00,20.0%,6000.00,30.0%,10000.00,50.0%,0,98.79%
12,Brgy Babalaya,3750.00,187.50,5.0%,3375.00,90.0%,187.50,5.0%,0,88.89%
12,Brgy Liangan East,7500.00,750.00,10.0%,1875.00,25.0%,4875.00,65.0%,0,92.43%
12,Brgy Ezperanza,22500.00,4500.00,20.0%,11250.00,50.0%,6750.00,30.0%,0,91.64%
12,Brgy Poblacion,50000.00,10000.00,20.0%,30000.00,60.0%,10000.00,20.0%,1,90.29%
12,Brgy Binuni,31592.50,6318.50,20.0%,12637.00,40.0%,12637.00,40.0%,0,95.66%
12,Brgy Demologan,5250.00,262.50,5.0%,4462.50,85.0%,525.00,10.0%,0,88.77%
12,Brgy Mati,20000.00,4000.00,20.0%,6000.00,30.0%,10000.00,50.0%,0,100.00%
12,Brgy Babalaya,3750.00,187.50,5.0%,3375.00,90.0%,187.50,5.0%,0,86.55%
12,Brgy Liangan East,7500.00,750.00,10.0%,1875.00,25.0%,4875.00,65.0%,0,91.78%
12,Brgy Ezperanza,22500.00,4500.00,20.0%,11250.00,50.0%,6750.00,30.0%,0,91.64%
12,Brgy Poblacion,50000.00,10000.00,20.0%,30000.00,60.0%,10000.00,20.0%,1,91.59%
12,Brgy Binuni,31592.50,6318.50,20.0%,12637.00,40.0%,12637.00,40.0%,0,93.89%
12,Brgy Demologan,5250.00,262.50,5.0%,4462.50,85.0%,525.00,10.0%,0,88.77%
12,Brgy Mati,20000.00,4000.00,20.0%,6000.00,30.0%,10000.00,50.0%,0,99.39%
12,Brgy Babalaya,3750.00,187.50,5.0%,3375.00,90.0%,187.50,5.0%,0,87.72%
13,Brgy Liangan East,7500.00,750.00,10.0%,1875.00,25.0%,4875.00,65.0%,0,90.13%
13,Brgy Ezperanza,22500.00,4500.00,20.0%,11250.00,50.0%,6750.00,30.0%,0,91.11%
13,Brgy Poblacion,50000.00,10000.00,20.0%,30000.00,60.0%,10000.00,20.0%,1,90.22%
13,Brgy Binuni,31592.50,6318.50,20.0%,12637.00,40.0%,12637.00,40.0%,0,95.86%
13,Brgy Demologan,5250.00,262.50,5.0%,4462.50,85.0%,525.00,10.0%,0,90.06%
13,Brgy Mati,20000.00,4000.00,20.0%,6000.00,30.0%,10000.00,50.0%,0,98.18%
13,Brgy Babalaya,3750.00,187.50,5.0%,3375.00,90.0%,187.50,5.0%,0,87.13%
1,Brgy Liangan East,7500.00,750.00,10.0%,1875.00,25.0%,4875.00,65.0%,0,13.98%
1,Brgy Ezperanza,22500.00,4500.00,20.0%,11250.00,50.0%,6750.00,30.0%,0,14.98%
1,Brgy Poblacion,50000.00,10000.00,20.0%,30000.00,60.0%,10000.00,20.0%,1,1.83%
1,Brgy Binuni,31592.50,6318.50,20.0%,12637.00,40.0%,12637.00,40.0%,0,13.41%
1,Brgy Demologan,5250.00,262.50,5.0%,4462.50,85.0%,525.00,10.0%,0,10.15%
1,Brgy Mati,20000.00,4000.00,20.0%,6000.00,30.0%,10000.00,50.0%,0,7.27%
1,Brgy Babalaya,3750.00,187.50,5.0%,3375.00,90.0%,187.50,5.0%,0,11.11%
13,Brgy Liangan East,7500.00,750.00,10.0%,1875.00,25.0%,4875.00,65.0%,0,90.13%
13,Brgy Ezperanza,22500.00,4500.00,20.0%,11250.00,50.0%,6750.00,30.0%,0,93.55%
13,Brgy Poblacion,50000.00,10000.00,20.0%,30000.00,60.0%,10000.00,20.0%,1,89.44%
13,Brgy Binuni,31592.50,6318.50,20.0%,12637.00,40.0%,12637.00,40.0%,0,91.72%
13,Brgy Demologan,5250.00,262.50,5.0%,4462.50,85.0%,525.00,10.0%,0,88.77%
13,Brgy Mati,20000.00,4000.00,20.0%,6000.00,30.0%,10000.00,50.0%,0,96.36%
13,Brgy Babalaya,3750.00,187.50,5.0%,3375.00,90.0%,187.50,5.0%,0,90.64%
13,Brgy Liangan East,7500.00,750.00,10.0%,1875.00,25.0%,4875.00,65.0%,0,88.98%
13,Brgy Ezperanza,22500.00,4500.00,20.0%,11250.00,50.0%,6750.00,30.0%,0,91.46%
13,Brgy Poblacion,50000.00,10000.00,20.0%,30000.00,60.0%,10000.00,20.0%,1,91.59%
13,Brgy Binuni,31592.50,6318.50,20.0%,12637.00,40.0%,12637.00,40.0%,0,95.27%
13,Brgy Demologan,5250.00,262.50,5.0%,4462.50,85.0%,525.00,10.0%,0,90.28%
13,Brgy Mati,20000.00,4000.00,20.0%,6000.00,30.0%,10000.00,50.0%,0,99.39%
13,Brgy Babalaya,3750.00,187.50,5.0%,3375.00,90.0%,187.50,5.0%,0,91.23%
13,Brgy Liangan East,7500.00,750.00,10.0%,1875.00,25.0%,4875.00,65.0%,0,88.98%
13,Brgy Ezperanza,22500.00,4500.00,20.0%,11250.00,50.0%,6750.00,30.0%,0,91.99%
13,Brgy Poblacion,50000.00,10000.00,20.0%,30000.00,60.0%,10000.00,20.0%,1,90.42%
13,Brgy Binuni,31592.50,6318.50,20.0%,12637.00,40.0%,12637.00,40.0%,0,95.86%
13,Brgy Demologan,5250.00,262.50,5.0%,4462.50,85.0%,525.00,10.0%,0,88.55%
13,Brgy Mati,20000.00,4000.00,20.0%,6000.00,30.0%,10000.00,50.0%,0,99.39%
13,Brgy Babalaya,3750.00,187.50,5.0%,3375.00,90.0%,187.50,5.0%,0,84.21%
1,Brgy Liangan East,7500.00,750.00,10.0%,1875.00,25.0%,4875.00,65.0%,0,13.65%
1,Brgy Ezperanza,22500.00,4500.00,20.0%,11250.00,50.0%,6750.00,30.0%,0,15.16%
1,Brgy Poblacion,50000.00,10000.00,20.0%,30000.00,60.0%,10000.00,20.0%,1,1.30%
1,Brgy Binuni,31592.50,6318.50,20.0%,12637.00,40.0%,12637.00,40.0%,0,16.77%
1,Brgy Demologan,5250.00,262.50,5.0%,4462.50,85.0%,525.00,10.0%,0,11.23%
1,Brgy Mati,20000.00,4000.00,20.0%,6000.00,30.0%,10000.00,50.0%,0,13.94%
1,Brgy Babalaya,3750.00,187.50,5.0%,3375.00,90.0%,187.50,5.0%,0,15.79%
1,Brgy Liangan East,7500.00,750.00,10.0%,1875.00,25.0%,4875.00,65.0%,0,12.17%
1,Brgy Ezperanza,22500.00,4500.00,20.0%,11250.00,50.0%,6750.00,30.0%,0,13.59%
1,Brgy Poblacion,50000.00,10000.00,20.0%,30000.00,60.0%,10000.00,20.0%,1,1.43%
1,Brgy Binuni,31592.50,6318.50,20.0%,12637.00,40.0%,12637.00,40.0%,0,18.15%
1,Brgy Demologan,5250.00,262.50,5.0%,4462.50,85.0%,525.00,10.0%,0,11.45%
1,Brgy Mati,20000.00,4000.00,20.0%,6000.00,30.0%,10000.00,50.0%,0,12.73%
1,Brgy Babalaya,3750.00,187.50,5.0%,3375.00,90.0%,187.50,5.0%,0,11.70%
1,Brgy Liangan East,7500.00,750.00,10.0%,1875.00,25.0%,4875.00,65.0%,0,14.14%
1,Brgy Ezperanza,22500.00,4500.00,20.0%,11250.00,50.0%,6750.00,30.0%,0,13.76%
1,Brgy Poblacion,50000.00,10000.00,20.0%,30000.00,60.0%,10000.00,20.0%,1,2.61%
1,Brgy Binuni,31592.50,6318.50,20.0%,12637.00,40.0%,12637.00,40.0%,0,13.02%
1,Brgy Demologan,5250.00,262.50,5.0%,4462.50,85.0%,525.00,10.0%,0,10.37%
1,Brgy Mati,20000.00,4000.00,20.0%,6000.00,30.0%,10000.00,50.0%,0,10.30%
1,Brgy Babalaya,3750.00,187.50,5.0%,3375.00,90.0%,187.50,5.0%,0,12.87%
2,Brgy Liangan East,7500.00,750.00,10.0%,1875.00,25.0%,4875.00,65.0%,0,0.00%
2,Brgy Ezperanza,22500.00,4500.00,20.0%,11250.00,50.0%,6750.00,30.0%,0,0.00%
2,Brgy Poblacion,50000.00,10000.00,20.0%,30000.00,60.0%,10000.00,20.0%,1,90.22%
2,Brgy Binuni,31592.50,6318.50,20.0%,12637.00,40.0%,12637.00,40.0%,0,93.10%
2,Brgy Demologan,5250.00,262.50,5.0%,4462.50,85.0%,525.00,10.0%,0,87.69%
2,Brgy Mati,20000.00,4000.00,20.0%,6000.00,30.0%,10000.00,50.0%,0,99.39%
2,Brgy Babalaya,3750.00,187.50,5.0%,3375.00,90.0%,187.50,5.0%,0,88.89%
2,Brgy Liangan East,7500.00,750.00,10.0%,1875.00,25.0%,4875.00,65.0%,0,0.00%
2,Brgy Ezperanza,22500.00,4500.00,20.0%,11250.00,50.0%,6750.00,30.0%,0,0.00%
2,Brgy Poblacion,50000.00,10000.00,20.0%,30000.00,60.0%,10000.00,20.0%,1,90.35%
2,Brgy Binuni,31592.50,6318.50,20.0%,12637.00,40.0%,12637.00,40.0%,0,94.67%
2,Brgy Demologan,5250.00,262.50,5.0%,4462.50,85.0%,525.00,10.0%,0,89.63%
2,Brgy Mati,20000.00,4000.00,20.0%,6000.00,30.0%,10000.00,50.0%,0,97.58%
2,Brgy Babalaya,3750.00,187.50,5.0%,3375.00,90.0%,187.50,5.0%,0,88.30%
2,Brgy Liangan East,7500.00,750.00,10.0%,1875.00,25.0%,4875.00,65.0%,0,0.00%
2,Brgy Ezperanza,22500.00,4500.00,20.0%,11250.00,50.0%,6750.00,30.0%,0,0.00%
2,Brgy Poblacion,50000.00,10000.00,20.0%,30000.00,60.0%,10000.00,20.0%,1,88.53%
2,Brgy Binuni,31592.50,6318.50,20.0%,12637.00,40.0%,12637.00,40.0%,0,95.86%
2,Brgy Demologan,5250.00,262.50,5.0%,4462.50,85.0%,525.00,10.0%,0,88.55%
2,Brgy Mati,20000.00,4000.00,20.0%,6000.00,30.0%,10000.00,50.0%,0,98.18%
2,Brgy Babalaya,3750.00,187.50,5.0%,3375.00,90.0%,187.50,5.0%,0,87.72%
2,Brgy Liangan East,7500.00,750.00,10.0%,1875.00,25.0%,4875.00,65.0%,0,0.00%
2,Brgy Ezperanza,22500.00,4500.00,20.0%,11250.00,50.0%,6750.00,30.0%,0,0.00%
2,Brgy Poblacion,50000.00,10000.00,20.0%,30000.00,60.0%,10000.00,20.0%,1,89.37%
2,Brgy Binuni,31592.50,6318.50,20.0%,12637.00,40.0%,12637.00,40.0%,0,93.29%
2,Brgy Demologan,5250.00,262.50,5.0%,4462.50,85.0%,525.00,10.0%,0,88.12%
2,Brgy Mati,20000.00,4000.00,20.0%,6000.00,30.0%,10000.00,50.0%,0,100.00%
2,Brgy Babalaya,3750.00,187.50,5.0%,3375.00,90.0%,187.50,5.0%,0,90.06%
3,Brgy Liangan East,7500.00,750.00,10.0%,1875.00,25.0%,4875.00,65.0%,0,91.45%
3,Brgy Ezperanza,22500.00,4500.00,20.0%,11250.00,50.0%,6750.00,30.0%,0,0.00%
3,Brgy Poblacion,50000.00,10000.00,20.0%,30000.00,60.0%,10000.00,20.0%,1,88.92%
3,Brgy Binuni,31592.50,6318.50,20.0%,12637.00,40.0%,12637.00,40.0%,0,92.70%
3,Brgy Demologan,5250.00,262.50,5.0%,4462.50,85.0%,525.00,10.0%,0,90.71%
3,Brgy Mati,20000.00,4000.00,20.0%,6000.00,30.0%,10000.00,50.0%,0,99.39%
3,Brgy Babalaya,3750.00,187.50,5.0%,3375.00,90.0%,187.50,5.0%,0,88.30%
3,Brgy Liangan East,7500.00,750.00,10.0%,1875.00,25.0%,4875.00,65.0%,0,90.13%
3,Brgy Ezperanza,22500.00,4500.00,20.0%,11250.00,50.0%,6750.00,30.0%,0,0.00%
3,Brgy Poblacion,50000.00,10000.00,20.0%,30000.00,60.0%,10000.00,20.0%,1,91.13%
3,Brgy Binuni,31592.50,6318.50,20.0%,12637.00,40.0%,12637.00,40.0%,0,95.27%
3,Brgy Demologan,5250.00,262.50,5.0%,4462.50,85.0%,525.00,10.0%,0,89.63%
3,Brgy Mati,20000.00,4000.00,20.0%,6000.00,30.0%,10000.00,50.0%,0,99.39%
3,Brgy Babalaya,3750.00,187.50,5.0%,3375.00,90.0%,187.50,5.0%,0,89.47%
3,Brgy Liangan East,7500.00,750.00,10.0%,1875.00,25.0%,4875.00,65.0%,0,91.61%
3,Brgy Ezperanza,22500.00,4500.00,20.0%,11250.00,50.0%,6750.00,30.0%,0,0.00%
3,Brgy Poblacion,50000.00,10000.00,20.0%,30000.00,60.0%,10000.00,20.0%,1,91.07%
3,Brgy Binuni,31592.50,6318.50,20.0%,12637.00,40.0%,12637.00,40.0%,0,96.25%
3,Brgy Demologan,5250.00,262.50,5.0%,4462.50,85.0%,525.00,10.0%,0,91.36%
3,Brgy Mati,20000.00,4000.00,20.0%,6000.00,30.0%,10000.00,50.0%,0,98.79%
3,Brgy Babalaya,3750.00,187.50,5.0%,3375.00,90.0%,187.50,5.0%,0,90.06%
3,Brgy Liangan East,7500.00,750.00,10.0%,1875.00,25.0%,4875.00,65.0%,0,90.95%
3,Brgy Ezperanza,22500.00,4500.00,20.0%,11250.00,50.0%,6750.00,30.0%,0,0.00%
3,Brgy Poblacion,50000.00,10000.00,20.0%,30000.00,60.0%,10000.00,20.0%,1,89.70%
3,Brgy Binuni,31592.50,6318.50,20.0%,12637.00,40.0%,12637.00,40.0%,0,92.90%
3,Brgy Demologan,5250.00,262.50,5.0%,4462.50,85.0%,525.00,10.0%,0,89.42%
3,Brgy Mati,20000.00,4000.00,20.0%,6000.00,30.0%,10000.00,50.0%,0,98.79%
3,Brgy Babalaya,3750.00,187.50,5.0%,3375.00,90.0%,187.50,5.0%,0,86.55%
4,Brgy Liangan East,7500.00,750.00,10.0%,1875.00,25.0%,4875.00,65.0%,0,88.49%
4,Brgy Ezperanza,22500.00,4500.00,20.0%,11250.00,50.0%,6750.00,30.0%,0,98.78%
4,Brgy Poblacion,50000.00,10000.00,20.0%,30000.00,60.0%,10000.00,20.0%,1,90.81%
4,Brgy Binuni,31592.50,6318.50,20.0%,12637.00,40.0%,12637.00,40.0%,0,94.67%
4,Brgy Demologan,5250.00,262.50,5.0%,4462.50,85.0%,525.00,10.0%,0,91.14%
4,Brgy Mati,20000.00,4000.00,20.0%,6000.00,30.0%,10000.00,50.0%,0,98.79%
4,Brgy Babalaya,3750.00,187.50,5.0%,3375.00,90.0%,187.50,5.0%,0,88.89%
4,Brgy Liangan East,7500.00,750.00,10.0%,1875.00,25.0%,4875.00,65.0%,0,91.28%
4,Brgy Ezperanza,22500.00,4500.00,20.0%,11250.00,50.0%,6750.00,30.0%,0,99.13%
4,Brgy Poblacion,50000.00,10000.00,20.0%,30000.00,60.0%,10000.00,20.0%,1,89.90%
4,Brgy Binuni,31592.50,6318.50,20.0%,12637.00,40.0%,12637.00,40.0%,0,96.84%
4,Brgy Demologan,5250.00,262.50,5.0%,4462.50,85.0%,525.00,10.0%,0,88.55%
4,Brgy Mati,20000.00,4000.00,20.0%,6000.00,30.0%,10000.00,50.0%,0,98.79%
4,Brgy Babalaya,3750.00,187.50,5.0%,3375.00,90.0%,187.50,5.0%,0,88.30%
4,Brgy Liangan East,7500.00,750.00,10.0%,1875.00,25.0%,4875.00,65.0%,0,92.60%
4,Brgy Ezperanza,22500.00,4500.00,20.0%,11250.00,50.0%,6750.00,30.0%,0,98.78%
4,Brgy Poblacion,50000.00,10000.00,20.0%,30000.00,60.0%,10000.00,20.0%,1,91.40%
4,Brgy Binuni,31592.50,6318.50,20.0%,12637.00,40.0%,12637.00,40.0%,0,95.66%
4,Brgy Demologan,5250.00,262.50,5.0%,4462.50,85.0%,525.00,10.0%,0,89.63%
4,Brgy Mati,20000.00,4000.00,20.0%,6000.00,30.0%,10000.00,50.0%,0,98.79%
4,Brgy Babalaya,3750.00,187.50,5.0%,3375.00,90.0%,187.50,5.0%,0,90.06%
4,Brgy Liangan East,7500.00,750.00,10.0%,1875.00,25.0%,4875.00,65.0%,0,89.97%
4,Brgy Ezperanza,22500.00,4500.00,20.0%,11250.00,50.0%,6750.00,30.0%,0,99.48%
4,Brgy Poblacion,50000.00,10000.00,20.0%,30000.00,60.0%,10000.00,20.0%,1,92.11%
4,Brgy Binuni,31592.50,6318.50,20.0%,12637.00,40.0%,12637.00,40.0%,0,97.04%
4,Brgy Demologan,5250.00,262.50,5.0%,4462.50,85.0%,525.00,10.0%,0,89.85%
4,Brgy Mati,20000.00,4000.00,20.0%,6000.00,30.0%,10000.00,50.0%,0,99.39%
4,Brgy Babalaya,3750.00,187.50,5.0%,3375.00,90.0%,187.50,5.0%,0,89.47%
5,Brgy Liangan East,7500.00,750.00,10.0%,1875.00,25.0%,4875.00,65.0%,0,93.09%
5,Brgy Ezperanza,22500.00,4500.00,20.0%,11250.00,50.0%,6750.00,30.0%,0,90.77%
5,Brgy Poblacion,50000.00,10000.00,20.0%,30000.00,60.0%,10000.00,20.0%,1,89.57%
5,Brgy Binuni,31592.50,6318.50,20.0%,12637.00,40.0%,12637.00,40.0%,0,94.28%
5,Brgy Demologan,5250.00,262.50,5.0%,4462.50,85.0%,525.00,10.0%,0,88.77%
5,Brgy Mati,20000.00,4000.00,20.0%,6000.00,30.0%,10000.00,50.0%,0,98.18%
5,Brgy Babalaya,3750.00,187.50,5.0%,3375.00,90.0%,187.50,5.0%,0,88.30%
5,Brgy Liangan East,7500.00,750.00,10.0%,1875.00,25.0%,4875.00,65.0%,0,93.91%
5,Brgy Ezperanza,22500.00,4500.00,20.0%,11250.00,50.0%,6750.00,30.0%,0,91.99%
5,Brgy Poblacion,50000.00,10000.00,20.0%,30000.00,60.0%,10000.00,20.0%,1,90.48%
5,Brgy Binuni,31592.50,6318.50,20.0%,12637.00,40.0%,12637.00,40.0%,0,94.28%
5,Brgy Demologan,5250.00,262.50,5.0%,4462.50,85.0%,525.00,10.0%,0,90.93%
5,Brgy Mati,20000.00,4000.00,20.0%,6000.00,30.0%,10000.00,50.0%,0,100.00%
5,Brgy Babalaya,3750.00,187.50,5.0%,3375.00,90.0%,187.50,5.0%,0,93.57%
5,Brgy Liangan East,7500.00,750.00,10.0%,1875.00,25.0%,4875.00,65.0%,0,88.16%
5,Brgy Ezperanza,22500.00,4500.00,20.0%,11250.00,50.0%,6750.00,30.0%,0,90.77%
5,Brgy Poblacion,50000.00,10000.00,20.0%,30000.00,60.0%,10000.00,20.0%,1,89.63%
5,Brgy Binuni,31592.50,6318.50,20.0%,12637.00,40.0%,12637.00,40.0%,0,92.70%
5,Brgy Demologan,5250.00,262.50,5.0%,4462.50,85.0%,525.00,10.0%,0,86.83%
5,Brgy Mati,20000.00,4000.00,20.0%,6000.00,30.0%,10000.00,50.0%,0,100.00%
5,Brgy Babalaya,3750.00,187.50,5.0%,3375.00,90.0%,187.50,5.0%,0,85.96%
5,Brgy Liangan East,7500.00,750.00,10.0%,1875.00,25.0%,4875.00,65.0%,0,91.12%
5,Brgy Ezperanza,22500.00,4500.00,20.0%,11250.00,50.0%,6750.00,30.0%,0,91.64%
5,Brgy Poblacion,50000.00,10000.00,20.0%,30000.00,60.0%,10000.00,20.0%,1,91.40%
5,Brgy Binuni,31592.50,6318.50,20.0%,12637.00,40.0%,12637.00,40.0%,0,94.48%
5,Brgy Demologan,5250.00,262.50,5.0%,4462.50,85.0%,525.00,10.0%,0,87.69%
5,Brgy Mati,20000.00,4000.00,20.0%,6000.00,30.0%,10000.00,50.0%,0,100.00%
5,Brgy Babalaya,3750.00,187.50,5.0%,3375.00,90.0%,187.50,5.0%,0,88.89%
6,Brgy Liangan East,7500.00,750.00,10.0%,1875.00,25.0%,4875.00,65.0%,0,88.49%
6,Brgy Ezperanza,22500.00,4500.00,20.0%,11250.00,50.0%,6750.00,30.0%,0,91.81%
6,Brgy Poblacion,50000.00,10000.00,20.0%,30000.00,60.0%,10000.00,20.0%,1,89.37%
6,Brgy Binuni,31592.50,6318.50,20.0%,12637.00,40.0%,12637.00,40.0%,0,93.29%
6,Brgy Demologan,5250.00,262.50,5.0%,4462.50,85.0%,525.00,10.0%,0,85.96%
6,Brgy Mati,20000.00,4000.00,20.0%,6000.00,30.0%,10000.00,50.0%,0,99.39%
6,Brgy Babalaya,3750.00,187.50,5.0%,3375.00,90.0%,187.50,5.0%,0,90.64%
6,Brgy Liangan East,7500.00,750.00,10.0%,1875.00,25.0%,4875.00,65.0%,0,90.46%
6,Brgy Ezperanza,22500.00,4500.00,20.0%,11250.00,50.0%,6750.00,30.0%,0,89.72%
6,Brgy Poblacion,50000.00,10000.00,20.0%,30000.00,60.0%,10000.00,20.0%,1,90.94%
6,Brgy Binuni,31592.50,6318.50,20.0%,12637.00,40.0%,12637.00,40.0%,0,93.69%
6,Brgy Demologan,5250.00,262.50,5.0%,4462.50,85.0%,525.00,10.0%,0,89.20%
6,Brgy Mati,20000.00,4000.00,20.0%,6000.00,30.0%,10000.00,50.0%,0,99.39%
6,Brgy Babalaya,3750.00,187.50,5.0%,3375.00,90.0%,187.50,5.0%,0,88.30%
6,Brgy Liangan East,7500.00,750.00,10.0%,1875.00,25.0%,4875.00,65.0%,0,89.47%
6,Brgy Ezperanza,22500.00,4500.00,20.0%,11250.00,50.0%,6750.00,30.0%,0,90.59%
6,Brgy Poblacion,50000.00,10000.00,20.0%,30000.00,60.0%,10000.00,20.0%,1,89.50%
6,Brgy Binuni,31592.50,6318.50,20.0%,12637.00,40.0%,12637.00,40.0%,0,93.89%
6,Brgy Demologan,5250.00,262.50,5.0%,4462.50,85.0%,525.00,10.0%,0,90.50%
6,Brgy Mati,20000.00,4000.00,20.0%,6000.00,30.0%,10000.00,50.0%,0,100.00%
6,Brgy Babalaya,3750.00,187.50,5.0%,3375.00,90.0%,187.50,5.0%,0,89.47%
6,Brgy Liangan East,7500.00,750.00,10.0%,1875.00,25.0%,4875.00,65.0%,0,91.94%
6,Brgy Ezperanza,22500.00,4500.00,20.0%,11250.00,50.0%,6750.00,30.0%,0,90.94%
6,Brgy Poblacion,50000.00,10000.00,20.0%,30000.00,60.0%,10000.00,20.0%,1,89.96%
6,Brgy Binuni,31592.50,6318.50,20.0%,12637.00,40.0%,12637.00,40.0%,0,94.08%
6,Brgy Demologan,5250.00,262.50,5.0%,4462.50,85.0%,525.00,10.0%,0,87.47%
6,Brgy Mati,20000.00,4000.00,20.0%,6000.00,30.0%,10000.00,50.0%,0,97.58%
6,Brgy Babalaya,3750.00,187.50,5.0%,3375.00,90.0%,187.50,5.0%,0,89.47%
7,Brgy Liangan East,7500.00,750.00,10.0%,1875.00,25.0%,4875.00,65.0%,0,91.78%
7,Brgy Ezperanza,22500.00,4500.00,20.0%,11250.00,50.0%,6750.00,30.0%,0,89.55%
7,Brgy Poblacion,50000.00,10000.00,20.0%,30000.00,60.0%,10000.00,20.0%,1,90.61%
7,Brgy Binuni,31592.50,6318.50,20.0%,12637.00,40.0%,12637.00,40.0%,0,95.46%
7,Brgy Demologan,5250.00,262.50,5.0%,4462.50,85.0%,525.00,10.0%,0,90.06%
7,Brgy Mati,20000.00,4000.00,20.0%,6000.00,30.0%,10000.00,50.0%,0,98.79%
7,Brgy Babalaya,3750.00,187.50,5.0%,3375.00,90.0%,187.50,5.0%,0,92.40%
7,Brgy Liangan East,7500.00,750.00,10.0%,1875.00,25.0%,4875.00,65.0%,0,89.97%
7,Brgy Ezperanza,22500.00,4500.00,20.0%,11250.00,50.0%,6750.00,30.0%,0,92.51%
7,Brgy Poblacion,50000.00,10000.00,20.0%,30000.00,60.0%,10000.00,20.0%,1,90.48%
7,Brgy Binuni,31592.50,6318.50,20.0%,12637.00,40.0%,12637.00,40.0%,0,92.50%
7,Brgy Demologan,5250.00,262.50,5.0%,4462.50,85.0%,525.00,10.0%,0,89.20%
7,Brgy Mati,20000.00,4000.00,20.0%,6000.00,30.0%,10000.00,50.0%,0,99.39%
7,Brgy Babalaya,3750.00,187.50,5.0%,3375.00,90.0%,187.50,5.0%,0,89.47%
7,Brgy Liangan East,7500.00,750.00,10.0%,1875.00,25.0%,4875.00,65.0%,0,91.78%
7,Brgy Ezperanza,22500.00,4500.00,20.0%,11250.00,50.0%,6750.00,30.0%,0,91.11%
7,Brgy Poblacion,50000.00,10000.00,20.0%,30000.00,60.0%,10000.00,20.0%,1,91.07%
7,Brgy Binuni,31592.50,6318.50,20.0%,12637.00,40.0%,12637.00,40.0%,0,97.83%
7,Brgy Demologan,5250.00,262.50,5.0%,4462.50,85.0%,525.00,10.0%,0,91.14%
7,Brgy Mati,20000.00,4000.00,20.0%,6000.00,30.0%,10000.00,50.0%,0,98.79%
7,Brgy Babalaya,3750.00,187.50,5.0%,3375.00,90.0%,187.50,5.0%,0,89.47%
7,Brgy Liangan East,7500.00,750.00,10.0%,1875.00,25.0%,4875.00,65.0%,0,88.49%
7,Brgy Ezperanza,22500.00,4500.00,20.0%,11250.00,50.0%,6750.00,30.0%,0,90.59%
7,Brgy Poblacion,50000.00,10000.00,20.0%,30000.00,60.0%,10000.00,20.0%,1,91.07%
7,Brgy Binuni,31592.50,6318.50,20.0%,12637.00,40.0%,12637.00,40.0%,0,91.91%
7,Brgy Demologan,5250.00,262.50,5.0%,4462.50,85.0%,525.00,10.0%,0,89.85%
7,Brgy Mati,20000.00,4000.00,20.0%,6000.00,30.0%,10000.00,50.0%,0,100.00%
7,Brgy Babalaya,3750.00,187.50,5.0%,3375.00,90.0%,187.50,5.0%,0,86.55%
8,Brgy Liangan East,7500.00,750.00,10.0%,1875.00,25.0%,4875.00,65.0%,0,91.45%
8,Brgy Ezperanza,22500.00,4500.00,20.0%,11250.00,50.0%,6750.00,30.0%,0,91.81%
8,Brgy Poblacion,50000.00,10000.00,20.0%,30000.00,60.0%,10000.00,20.0%,1,91.26%
8,Brgy Binuni,31592.50,6318.50,20.0%,12637.00,40.0%,12637.00,40.0%,0,92.70%
8,Brgy Demologan,5250.00,262.50,5.0%,4462.50,85.0%,525.00,10.0%,0,90.71%
8,Brgy Mati,20000.00,4000.00,20.0%,6000.00,30.0%,10000.00,50.0%,0,99.39%
8,Brgy Babalaya,3750.00,187.50,5.0%,3375.00,90.0%,187.50,5.0%,0,90.64%
8,Brgy Liangan East,7500.00,750.00,10.0%,1875.00,25.0%,4875.00,65.0%,0,90.46%
8,Brgy Ezperanza,22500.00,4500.00,20.0%,11250.00,50.0%,6750.00,30.0%,0,93.03%
8,Brgy Poblacion,50000.00,10000.00,20.0%,30000.00,60.0%,10000.00,20.0%,1,90.74%
8,Brgy Binuni,31592.50,6318.50,20.0%,12637.00,40.0%,12637.00,40.0%,0,94.67%
8,Brgy Demologan,5250.00,262.50,5.0%,4462.50,85.0%,525.00,10.0%,0,90.50%
8,Brgy Mati,20000.00,4000.00,20.0%,6000.00,30.0%,10000.00,50.0%,0,100.00%
8,Brgy Babalaya,3750.00,187.50,5.0%,3375.00,90.0%,187.50,5.0%,0,87.13%
8,Brgy Liangan East,7500.00,750.00,10.0%,1875.00,25.0%,4875.00,65.0%,0,89.47%
8,Brgy Ezperanza,22500.00,4500.00,20.0%,11250.00,50.0%,6750.00,30.0%,0,91.46%
8,Brgy Poblacion,50000.00,10000.00,20.0%,30000.00,60.0%,10000.00,20.0%,1,88.27%
8,Brgy Binuni,31592.50,6318.50,20.0%,12637.00,40.0%,12637.00,40.0%,0,90.93%
8,Brgy Demologan,5250.00,262.50,5.0%,4462.50,85.0%,525.00,10.0%,0,88.34%
8,Brgy Mati,20000.00,4000.00,20.0%,6000.00,30.0%,10000.00,50.0%,0,99.39%
8,Brgy Babalaya,3750.00,187.50,5.0%,3375.00,90.0%,187.50,5.0%,0,94.15%
8,Brgy Liangan East,7500.00,750.00,10.0%,1875.00,25.0%,4875.00,65.0%,0,89.80%
8,Brgy Ezperanza,22500.00,4500.00,20.0%,11250.00,50.0%,6750.00,30.0%,0,90.07%
8,Brgy Poblacion,50000.00,10000.00,20.0%,30000.00,60.0%,10000.00,20.0%,1,90.22%
8,Brgy Binuni,31592.50,6318.50,20.0%,12637.00,40.0%,12637.00,40.0%,0,94.48%
8,Brgy Demologan,5250.00,262.50,5.0%,4462.50,85.0%,525.00,10.0%,0,89.85%
8,Brgy Mati,20000.00,4000.00,20.0%,6000.00,30.0%,10000.00,50.0%,0,98.79%
8,Brgy Babalaya,3750.00,187.50,5.0%,3375.00,90.0%,187.50,5.0%,0,88.30%
9,Brgy Liangan East,7500.00,750.00,10.0%,1875.00,25.0%,4875.00,65.0%,0,88.49%
9,Brgy Ezperanza,22500.00,4500.00,20.0%,11250.00,50.0%,6750.00,30.0%,0,93.73%
9,Brgy Poblacion,50000.00,10000.00,20.0%,30000.00,60.0%,10000.00,20.0%,1,90.16%
9,Brgy Binuni,31592.50,6318.50,20.0%,12637.00,40.0%,12637.00,40.0%,0,93.69%
9,Brgy Demologan,5250.00,262.50,5.0%,4462.50,85.0%,525.00,10.0%,0,88.77%
9,Brgy Mati,20000.00,4000.00,20.0%,6000.00,30.0%,10000.00,50.0%,0,100.00%
9,Brgy Babalaya,3750.00,187.50,5.0%,3375.00,90.0%,187.50,5.0%,0,90.06%
9,Brgy Liangan East,7500.00,750.00,10.0%,1875.00,25.0%,4875.00,65.0%,0,92.43%
9,Brgy Ezperanza,22500.00,4500.00,20.0%,11250.00,50.0%,6750.00,30.0%,0,91.46%
9,Brgy Poblacion,50000.00,10000.00,20.0%,30000.00,60.0%,10000.00,20.0%,1,90.29%
9,Brgy Binuni,31592.50,6318.50,20.0%,12637.00,40.0%,12637.00,40.0%,0,91.12%
9,Brgy Demologan,5250.00,262.50,5.0%,4462.50,85.0%,525.00,10.0%,0,89.63%
9,Brgy Mati,20000.00,4000.00,20.0%,6000.00,30.0%,10000.00,50.0%,0,98.18%
9,Brgy Babalaya,3750.00,187.50,5.0%,3375.00,90.0%,187.50,5.0%,0,89.47%
9,Brgy Liangan East,7500.00,750.00,10.0%,1875.00,25.0%,4875.00,65.0%,0,88.65%
9,Brgy Ezperanza,22500.00,4500.00,20.0%,11250.00,50.0%,6750.00,30.0%,0,93.21%
9,Brgy Poblacion,50000.00,10000.00,20.0%,30000.00,60.0%,10000.00,20.0%,1,91.53%
9,Brgy Binuni,31592.50,6318.50,20.0%,12637.00,40.0%,12637.00,40.0%,0,95.66%
9,Brgy Demologan,5250.00,262.50,5.0%,4462.50,85.0%,525.00,10.0%,0,89.20%
9,Brgy Mati,20000.00,4000.00,20.0%,6000.00,30.0%,10000.00,50.0%,0,98.18%
9,Brgy Babalaya,3750.00,187.50,5.0%,3375.00,90.0%,187.50,5.0%,0,85.96%
9,Brgy Liangan East,7500.00,750.00,10.0%,1875.00,25.0%,4875.00,65.0%,0,91.28%
9,Brgy Ezperanza,22500.00,4500.00,20.0%,11250.00,50.0%,6750.00,30.0%,0,90.42%
9,Brgy Poblacion,50000.00,10000.00,20.0%,30000.00,60.0%,10000.00,20.0%,1,89.37%
9,Brgy Binuni,31592.50,6318.50,20.0%,12637.00,40.0%,12637.00,40.0%,0,95.66%
9,Brgy Demologan,5250.00,262.50,5.0%,4462.50,85.0%,525.00,10.0%,0,89.42%
9,Brgy Mati,20000.00,4000.00,20.0%,6000.00,30.0%,10000.00,50.0%,0,100.00%
9,Brgy Babalaya,3750.00,187.50,5.0%,3375.00,90.0%,187.50,5.0%,0,90.06%
10,Brgy Liangan East,7500.00,750.00,10.0%,1875.00,25.0%,4875.00,65.0%,0,88.98%
10,Brgy Ezperanza,22500.00,4500.00,20.0%,11250.00,50.0%,6750.00,30.0%,0,92.33%
10,Brgy Poblacion,50000.00,10000.00,20.0%,30000.00,60.0%,10000.00,20.0%,1,91.13%
10,Brgy Binuni,31592.50,6318.50,20.0%,12637.00,40.0%,12637.00,40.0%,0,94.48%
10,Brgy Demologan,5250.00,262.50,5.0%,4462.50,85.0%,525.00,10.0%,0,89.85%
10,Brgy Mati,20000.00,4000.00,20.0%,6000.00,30.0%,10000.00,50.0%,0,98.79%
10,Brgy Babalaya,3750.00,187.50,5.0%,3375.00,90.0%,187.50,5.0%,0,88.30%
10,Brgy Liangan East,7500.00,750.00,10.0%,1875.00,25.0%,4875.00,65.0%,0,91.78%
10,Brgy Ezperanza,22500.00,4500.00,20.0%,11250.00,50.0%,6750.00,30.0%,0,91.81%
10,Brgy Poblacion,50000.00,10000.00,20.0%,30000.00,60.0%,10000.00,20.0%,1,89.57%
10,Brgy Binuni,31592.50,6318.50,20.0%,12637.00,40.0%,12637.00,40.0%,0,91.91%
10,Brgy Demologan,5250.00,262.50,5.0%,4462.50,85.0%,525.00,10.0%,0,91.36%
10,Brgy Mati,20000.00,4000.00,20.0%,6000.00,30.0%,10000.00,50.0%,0,100.00%
10,Brgy Babalaya,3750.00,187.50,5.0%,3375.00,90.0%,187.50,5.0%,0,87.72%
10,Brgy Liangan East,7500.00,750.00,10.0%,1875.00,25.0%,4875.00,65.0%,0,88.82%
10,Brgy Ezperanza,22500.00,4500.00,20.0%,11250.00,50.0%,6750.00,30.0%,0,89.20%
10,Brgy Poblacion,50000.00,10000.00,20.0%,30000.00,60.0%,10000.00,20.0%,1,89.83%
10,Brgy Binuni,31592.50,6318.50,20.0%,12637.00,40.0%,12637.00,40.0%,0,94.08%
10,Brgy Demologan,5250.00,262.50,5.0%,4462.50,85.0%,525.00,10.0%,0,89.63%
10,Brgy Mati,20000.00,4000.00,20.0%,6000.00,30.0%,10000.00,50.0%,0,98.79%
10,Brgy Babalaya,3750.00,187.50,5.0%,3375.00,90.0%,187.50,5.0%,0,91.81%
10,Brgy Liangan East,7500.00,750.00,10.0%,1875.00,25.0%,4875.00,65.0%,0,88.82%
10,Brgy Ezperanza,22500.00,4500.00,20.0%,11250.00,50.0%,6750.00,30.0%,0,92.51%
10,Brgy Poblacion,50000.00,10000.00,20.0%,30000.00,60.0%,10000.00,20.0%,1,91.20%
10,Brgy Binuni,31592.50,6318.50,20.0%,12637.00,40.0%,12637.00,40.0%,0,90.14%
10,Brgy Demologan,5250.00,262.50,5.0%,4462.50,85.0%,525.00,10.0%,0,87.90%
10,Brgy Mati,20000.00,4000.00,20.0%,6000.00,30.0%,10000.00,50.0%,0,97.58%
10,Brgy Babalaya,3750.00,187.50,5.0%,3375.00,90.0%,187.50,5.0%,0,86.55%
11,Brgy Liangan East,7500.00,750.00,10.0%,1875.00,25.0%,4875.00,65.0%,0,89.97%
11,Brgy Ezperanza,22500.00,4500.00,20.0%,11250.00,50.0%,6750.00,30.0%,0,93.55%
11,Brgy Poblacion,50000.00,10000.00,20.0%,30000.00,60.0%,10000.00,20.0%,1,89.90%
11,Brgy Binuni,31592.50,6318.50,20.0%,12637.00,40.0%,12637.00,40.0%,0,93.49%
11,Brgy Demologan,5250.00,262.50,5.0%,4462.50,85.0%,525.00,10.0%,0,90.71%
11,Brgy Mati,20000.00,4000.00,20.0%,6000.00,30.0%,10000.00,50.0%,0,98.18%
11,Brgy Babalaya,3750.00,187.50,5.0%,3375.00,90.0%,187.50,5.0%,0,90.06%
11,Brgy Liangan East,7500.00,750.00,10.0%,1875.00,25.0%,4875.00,65.0%,0,90.95%
11,Brgy Ezperanza,22500.00,4500.00,20.0%,11250.00,50.0%,6750.00,30.0%,0,90.94%
11,Brgy Poblacion,50000.00,10000.00,20.0%,30000.00,60.0%,10000.00,20.0%,1,89.31%
11,Brgy Binuni,31592.50,6318.50,20.0%,12637.00,40.0%,12637.00,40.0%,0,93.10%
11,Brgy Demologan,5250.00,262.50,5.0%,4462.50,85.0%,525.00,10.0%,0,90.28%
11,Brgy Mati,20000.00,4000.00,20.0%,6000.00,30.0%,10000.00,50.0%,0,99.39%
11,Brgy Babalaya,3750.00,187.50,5.0%,3375.00,90.0%,187.50,5.0%,0,89.47%
11,Brgy Liangan East,7500.00,750.00,10.0%,1875.00,25.0%,4875.00,65.0%,0,91.78%
11,Brgy Ezperanza,22500.00,4500.00,20.0%,11250.00,50.0%,6750.00,30.0%,0,92.16%
11,Brgy Poblacion,50000.00,10000.00,20.0%,30000.00,60.0%,10000.00,20.0%,1,90.55%
11,Brgy Binuni,31592.50,6318.50,20.0%,12637.00,40.0%,12637.00,40.0%,0,93.29%
11,Brgy Demologan,5250.00,262.50,5.0%,4462.50,85.0%,525.00,10.0%,0,91.58%
11,Brgy Mati,20000.00,4000.00,20.0%,6000.00,30.0%,10000.00,50.0%,0,96.36%
11,Brgy Babalaya,3750.00,187.50,5.0%,3375.00,90.0%,187.50,5.0%,0,87.13%
11,Brgy Liangan East,7500.00,750.00,10.0%,1875.00,25.0%,4875.00,65.0%,0,90.30%
11,Brgy Ezperanza,22500.00,4500.00,20.0%,11250.00,50.0%,6750.00,30.0%,0,90.24%
11,Brgy Poblacion,50000.00,10000.00,20.0%,30000.00,60.0%,10000.00,20.0%,1,90.55%
11,Brgy Binuni,31592.50,6318.50,20.0%,12637.00,40.0%,12637.00,40.0%,0,93.89%
11,Brgy Demologan,5250.00,262.50,5.0%,4462.50,85.0%,525.00,10.0%,0,89.63%
11,Brgy Mati,20000.00,4000.00,20.0%,6000.00,30.0%,10000.00,50.0%,0,98.79%
11,Brgy Babalaya,3750.00,187.50,5.0%,3375.00,90.0%,187.50,5.0%,0,85.38%
12,Brgy Liangan East,7500.00,750.00,10.0%,1875.00,25.0%,4875.00,65.0%,0,90.95%
12,Brgy Ezperanza,22500.00,4500.00,20.0%,11250.00,50.0%,6750.00,30.0%,0,91.46%
12,Brgy Poblacion,50000.00,10000.00,20.0%,30000.00,60.0%,10000.00,20.0%,1,91.40%
12,Brgy Binuni,31592.50,6318.50,20.0%,12637.00,40.0%,12637.00,40.0%,0,94.87%
12,Brgy Demologan,5250.00,262.50,5.0%,4462.50,85.0%,525.00,10.0%,0,88.77%
12,Brgy Mati,20000.00,4000.00,20.0%,6000.00,30.0%,10000.00,50.0%,0,99.39%
12,Brgy Babalaya,3750.00,187.50,5.0%,3375.00,90.0%,187.50,5.0%,0,88.89%
12,Brgy Liangan East,7500.00,750.00,10.0%,1875.00,25.0%,4875.00,65.0%,0,92.43%
12,Brgy Ezperanza,22500.00,4500.00,20.0%,11250.00,50.0%,6750.00,30.0%,0,90.59%
12,Brgy Poblacion,50000.00,10000.00,20.0%,30000.00,60.0%,10000.00,20.0%,1,90.22%
12,Brgy Binuni,31592.50,6318.50,20.0%,12637.00,40.0%,12637.00,40.0%,0,94.28%
12,Brgy Demologan,5250.00,262.50,5.0%,4462.50,85.0%,525.00,10.0%,0,89.42%
12,Brgy Mati,20000.00,4000.00,20.0%,6000.00,30.0%,10000.00,50.0%,0,98.18%
12,Brgy Babalaya,3750.00,187.50,5.0%,3375.00,90.0%,187.50,5.0%,0,86.55%
12,Brgy Liangan East,7500.00,750.00,10.0%,1875.00,25.0%,4875.00,65.0%,0,90.13%
12,Brgy Ezperanza,22500.00,4500.00,20.0%,11250.00,50.0%,6750.00,30.0%,0,90.59%
12,Brgy Poblacion,50000.00,10000.00,20.0%,30000.00,60.0%,10000.00,20.0%,1,90.74%
12,Brgy Binuni,31592.50,6318.50,20.0%,12637.00,40.0%,12637.00,40.0%,0,94.67%
12,Brgy Demologan,5250.00,262.50,5.0%,4462.50,85.0%,525.00,10.0%,0,88.12%
12,Brgy Mati,20000.00,4000.00,20.0%,6000.00,30.0%,10000.00,50.0%,0,100.00%
12,Brgy Babalaya,3750.00,187.50,5.0%,3375.00,90.0%,187.50,5.0%,0,83.63%
12,Brgy Liangan East,7500.00,750.00,10.0%,1875.00,25.0%,4875.00,65.0%,0,88.65%
12,Brgy Ezperanza,22500.00,4500.00,20.0%,11250.00,50.0%,6750.00,30.0%,0,93.38%
12,Brgy Poblacion,50000.00,10000.00,20.0%,30000.00,60.0%,10000.00,20.0%,1,89.83%
12,Brgy Binuni,31592.50,6318.50,20.0%,12637.00,40.0%,12637.00,40.0%,0,95.46%
12,Brgy Demologan,5250.00,262.50,5.0%,4462.50,85.0%,525.00,10.0%,0,88.98%
12,Brgy Mati,20000.00,4000.00,20.0%,6000.00,30.0%,10000.00,50.0%,0,99.39%
12,Brgy Babalaya,3750.00,187.50,5.0%,3375.00,90.0%,187.50,5.0%,0,78.36%
13,Brgy Liangan East,7500.00,750.00,10.0%,1875.00,25.0%,4875.00,65.0%,0,91.12%
13,Brgy Ezperanza,22500.00,4500.00,20.0%,11250.00,50.0%,6750.00,30.0%,0,91.64%
13,Brgy Poblacion,50000.00,10000.00,20.0%,30000.00,60.0%,10000.00,20.0%,1,89.11%
13,Brgy Binuni,31592.50,6318.50,20.0%,12637.00,40.0%,12637.00,40.0%,0,91.91%
13,Brgy Demologan,5250.00,262.50,5.0%,4462.50,85.0%,525.00,10.0%,0,89.85%
13,Brgy Mati,20000.00,4000.00,20.0%,6000.00,30.0%,10000.00,50.0%,0,99.39%
13,Brgy Babalaya,3750.00,187.50,5.0%,3375.00,90.0%,187.50,5.0%,0,84.80%
1,Brgy Liangan East,7500.00,750.00,10.0%,1875.00,25.0%,4875.00,65.0%,0,15.95%
1,Brgy Ezperanza,22500.00,4500.00,20.0%,11250.00,50.0%,6750.00,30.0%,0,13.59%
1,Brgy Poblacion,50000.00,10000.00,20.0%,30000.00,60.0%,10000.00,20.0%,1,2.15%
1,Brgy Binuni,31592.50,6318.50,20.0%,12637.00,40.0%,12637.00,40.0%,0,15.38%
1,Brgy Demologan,5250.00,262.50,5.0%,4462.50,85.0%,525.00,10.0%,0,10.58%
1,Brgy Mati,20000.00,4000.00,20.0%,6000.00,30.0%,10000.00,50.0%,0,10.91%
1,Brgy Babalaya,3750.00,187.50,5.0%,3375.00,90.0%,187.50,5.0%,0,12.87%
13,Brgy Liangan East,7500.00,750.00,10.0%,1875.00,25.0%,4875.00,65.0%,0,90.62%
13,Brgy Ezperanza,22500.00,4500.00,20.0%,11250.00,50.0%,6750.00,30.0%,0,90.59%
13,Brgy Poblacion,50000.00,10000.00,20.0%,30000.00,60.0%,10000.00,20.0%,1,90.35%
13,Brgy Binuni,31592.50,6318.50,20.0%,12637.00,40.0%,12637.00,40.0%,0,95.07%
13,Brgy Demologan,5250.00,262.50,5.0%,4462.50,85.0%,525.00,10.0%,0,87.69%
13,Brgy Mati,20000.00,4000.00,20.0%,6000.00,30.0%,10000.00,50.0%,0,100.00%
13,Brgy Babalaya,3750.00,187.50,5.0%,3375.00,90.0%,187.50,5.0%,0,87.72%
13,Brgy Liangan East,7500.00,750.00,10.0%,1875.00,25.0%,4875.00,65.0%,0,87.66%
13,Brgy Ezperanza,22500.00,4500.00,20.0%,11250.00,50.0%,6750.00,30.0%,0,89.55%
13,Brgy Poblacion,50000.00,10000.00,20.0%,30000.00,60.0%,10000.00,20.0%,1,89.24%
13,Brgy Binuni,31592.50,6318.50,20.0%,12637.00,40.0%,12637.00,40.0%,0,92.90%
13,Brgy Demologan,5250.00,262.50,5.0%,4462.50,85.0%,525.00,10.0%,0,88.77%
13,Brgy Mati,20000.00,4000.00,20.0%,6000.00,30.0%,10000.00,50.0%,0,99.39%
13,Brgy Babalaya,3750.00,187.50,5.0%,3375.00,90.0%,187.50,5.0%,0,88.30%
13,Brgy Liangan East,7500.00,750.00,10.0%,1875.00,25.0%,4875.00,65.0%,0,92.60%
13,Brgy Ezperanza,22500.00,4500.00,20.0%,11250.00,50.0%,6750.00,30.0%,0,89.90%
13,Brgy Poblacion,50000.00,10000.00,20.0%,30000.00,60.0%,10000.00,20.0%,1,91.33%
13,Brgy Binuni,31592.50,6318.50,20.0%,12637.00,40.0%,12637.00,40.0%,0,94.28%
13,Brgy Demologan,5250.00,262.50,5.0%,4462.50,85.0%,525.00,10.0%,0,90.50%
13,Brgy Mati,20000.00,4000.00,20.0%,6000.00,30.0%,10000.00,50.0%,0,97.58%
13,Brgy Babalaya,3750.00,187.50,5.0%,3375.00,90.0%,187.50,5.0%,0,91.23%
2,Brgy Liangan East,7500.00,750.00,10.0%,1875.00,25.0%,4875.00,65.0%,0,0.00%
2,Brgy Ezperanza,22500.00,4500.00,20.0%,11250.00,50.0%,6750.00,30.0%,0,0.00%
2,Brgy Poblacion,50000.00,10000.00,20.0%,30000.00,60.0%,10000.00,20.0%,1,89.90%
2,Brgy Binuni,31592.50,6318.50,20.0%,12637.00,40.0%,12637.00,40.0%,0,95.07%
2,Brgy Demologan,5250.00,262.50,5.0%,4462.50,85.0%,525.00,10.0%,0,89.63%
2,Brgy Mati,20000.00,4000.00,20.0%,6000.00,30.0%,10000.00,50.0%,0,98.79%
2,Brgy Babalaya,3750.00,187.50,5.0%,3375.00,90.0%,187.50,5.0%,0,89.47%
3,Brgy Liangan East,7500.00,750.00,10.0%,1875.00,25.0%,4875.00,65.0%,0,90.62%
3,Brgy Ezperanza,22500.00,4500.00,20.0%,11250.00,50.0%,6750.00,30.0%,0,0.00%
3,Brgy Poblacion,50000.00,10000.00,20.0%,30000.00,60.0%,10000.00,20.0%,1,90.16%
3,Brgy Binuni,31592.50,6318.50,20.0%,12637.00,40.0%,12637.00,40.0%,0,97.04%
3,Brgy Demologan,5250.00,262.50,5.0%,4462.50,85.0%,525.00,10.0%,0,86.61%
3,Brgy Mati,20000.00,4000.00,20.0%,6000.00,30.0%,10000.00,50.0%,0,99.39%
3,Brgy Babalaya,3750.00,187.50,5.0%,3375.00,90.0%,187.50,5.0%,0,90.06%
4,Brgy Liangan East,7500.00,750.00,10.0%,1875.00,25.0%,4875.00,65.0%,0,90.13%
4,Brgy Ezperanza,22500.00,4500.00,20.0%,11250.00,50.0%,6750.00,30.0%,0,98.95%
4,Brgy Poblacion,50000.00,10000.00,20.0%,30000.00,60.0%,10000.00,20.0%,1,90.03%
4,Brgy Binuni,31592.50,6318.50,20.0%,12637.00,40.0%,12637.00,40.0%,0,95.07%
4,Brgy Demologan,5250.00,262.50,5.0%,4462.50,85.0%,525.00,10.0%,0,87.26%
4,Brgy Mati,20000.00,4000.00,20.0%,6000.00,30.0%,10000.00,50.0%,0,98.18%
4,Brgy Babalaya,3750.00,187.50,5.0%,3375.00,90.0%,187.50,5.0%,0,89.47%
5,Brgy Liangan East,7500.00,750.00,10.0%,1875.00,25.0%,4875.00,65.0%,0,89.80%
5,Brgy Ezperanza,22500.00,4500.00,20.0%,11250.00,50.0%,6750.00,30.0%,0,90.77%
5,Brgy Poblacion,50000.00,10000.00,20.0%,30000.00,60.0%,10000.00,20.0%,1,90.55%
5,Brgy Binuni,31592.50,6318.50,20.0%,12637.00,40.0%,12637.00,40.0%,0,95.07%
5,Brgy Demologan,5250.00,262.50,5.0%,4462.50,85.0%,525.00,10.0%,0,89.63%
5,Brgy Mati,20000.00,4000.00,20.0%,6000.00,30.0%,10000.00,50.0%,0,100.00%
5,Brgy Babalaya,3750.00,187.50,5.0%,3375.00,90.0%,187.50,5.0%,0,89.47%
6,Brgy Liangan East,7500.00,750.00,10.0%,1875.00,25.0%,4875.00,65.0%,0,91.12%
6,Brgy Ezperanza,22500.00,4500.00,20.0%,11250.00,50.0%,6750.00,30.0%,0,92.33%
6,Brgy Poblacion,50000.00,10000.00,20.0%,30000.00,60.0%,10000.00,20.0%,1,90.55%
6,Brgy Binuni,31592.50,6318.50,20.0%,12637.00,40.0%,12637.00,40.0%,0,95.46%
6,Brgy Demologan,5250.00,262.50,5.0%,4462.50,85.0%,525.00,10.0%,0,91.14%
6,Brgy Mati,20000.00,4000.00,20.0%,6000.00,30.0%,10000.00,50.0%,0,97.58%
6,Brgy Babalaya,3750.00,187.50,5.0%,3375.00,90.0%,187.50,5.0%,0,88.89%
7,Brgy Liangan East,7500.00,750.00,10.0%,1875.00,25.0%,4875.00,65.0%,0,89.80%
7,Brgy Ezperanza,22500.00,4500.00,20.0%,11250.00,50.0%,6750.00,30.0%,0,93.55%
7,Brgy Poblacion,50000.00,10000.00,20.0%,30000.00,60.0%,10000.00,20.0%,1,89.63%
7,Brgy Binuni,31592.50,6318.50,20.0%,12637.00,40.0%,12637.00,40.0%,0,92.11%
7,Brgy Demologan,5250.00,262.50,5.0%,4462.50,85.0%,525.00,10.0%,0,88.98%
7,Brgy Mati,20000.00,4000.00,20.0%,6000.00,30.0%,10000.00,50.0%,0,99.39%
7,Brgy Babalaya,3750.00,187.50,5.0%,3375.00,90.0%,187.50,5.0%,0,88.30%
8,Brgy Liangan East,7500.00,750.00,10.0%,1875.00,25.0%,4875.00,65.0%,0,90.13%
8,Brgy Ezperanza,22500.00,4500.00,20.0%,11250.00,50.0%,6750.00,30.0%,0,87.11%
8,Brgy Poblacion,50000.00,10000.00,20.0%,30000.00,60.0%,10000.00,20.0%,1,89.24%
8,Brgy Binuni,31592.50,6318.50,20.0%,12637.00,40.0%,12637.00,40.0%,0,93.89%
8,Brgy Demologan,5250.00,262.50,5.0%,4462.50,85.0%,525.00,10.0%,0,90.93%
8,Brgy Mati,20000.00,4000.00,20.0%,6000.00,30.0%,10000.00,50.0%,0,99.39%
8,Brgy Babalaya,3750.00,187.50,5.0%,3375.00,90.0%,187.50,5.0%,0,85.38%
9,Brgy Liangan East,7500.00,750.00,10.0%,1875.00,25.0%,4875.00,65.0%,0,90.46%
9,Brgy Ezperanza,22500.00,4500.00,20.0%,11250.00,50.0%,6750.00,30.0%,0,93.38%
9,Brgy Poblacion,50000.00,10000.00,20.0%,30000.00,60.0%,10000.00,20.0%,1,90.16%
9,Brgy Binuni,31592.50,6318.50,20.0%,12637.00,40.0%,12637.00,40.0%,0,93.10%
9,Brgy Demologan,5250.00,262.50,5.0%,4462.50,85.0%,525.00,10.0%,0,89.85%
9,Brgy Mati,20000.00,4000.00,20.0%,6000.00,30.0%,10000.00,50.0%,0,97.58%
9,Brgy Babalaya,3750.00,187.50,5.0%,3375.00,90.0%,187.50,5.0%,0,85.38%
10,Brgy Liangan East,7500.00,750.00,10.0%,1875.00,25.0%,4875.00,65.0%,0,90.95%
10,Brgy Ezperanza,22500.00,4500.00,20.0%,11250.00,50.0%,6750.00,30.0%,0,92.68%
10,Brgy Poblacion,50000.00,10000.00,20.0%,30000.00,60.0%,10000.00,20.0%,1,90.55%
10,Brgy Binuni,31592.50,6318.50,20.0%,12637.00,40.0%,12637.00,40.0%,0,94.48%
10,Brgy Demologan,5250.00,262.50,5.0%,4462.50,85.0%,525.00,10.0%,0,89.85%
10,Brgy Mati,20000.00,4000.00,20.0%,6000.00,30.0%,10000.00,50.0%,0,98.79%
10,Brgy Babalaya,3750.00,187.50,5.0%,3375.00,90.0%,187.50,5.0%,0,94.15%
11,Brgy Liangan East,7500.00,750.00,10.0%,1875.00,25.0%,4875.00,65.0%,0,89.80%
11,Brgy Ezperanza,22500.00,4500.00,20.0%,11250.00,50.0%,6750.00,30.0%,0,91.99%
11,Brgy Poblacion,50000.00,10000.00,20.0%,30000.00,60.0%,10000.00,20.0%,1,89.18%
11,Brgy Binuni,31592.50,6318.50,20.0%,12637.00,40.0%,12637.00,40.0%,0,94.67%
11,Brgy Demologan,5250.00,262.50,5.0%,4462.50,85.0%,525.00,10.0%,0,88.34%
11,Brgy Mati,20000.00,4000.00,20.0%,6000.00,30.0%,10000.00,50.0%,0,98.79%
11,Brgy Babalaya,3750.00,187.50,5.0%,3375.00,90.0%,187.50,5.0%,0,88.89%
12,Brgy Liangan East,7500.00,750.00,10.0%,1875.00,25.0%,4875.00,65.0%,0,90.79%
12,Brgy Ezperanza,22500.00,4500.00,20.0%,11250.00,50.0%,6750.00,30.0%,0,93.03%
12,Brgy Poblacion,50000.00,10000.00,20.0%,30000.00,60.0%,10000.00,20.0%,1,90.09%
12,Brgy Binuni,31592.50,6318.50,20.0%,12637.00,40.0%,12637.00,40.0%,0,93.49%
12,Brgy Demologan,5250.00,262.50,5.0%,4462.50,85.0%,525.00,10.0%,0,87.90%
12,Brgy Mati,20000.00,4000.00,20.0%,6000.00,30.0%,10000.00,50.0%,0,98.79%
12,Brgy Babalaya,3750.00,187.50,5.0%,3375.00,90.0%,187.50,5.0%,0,86.55%
13,Brgy Liangan East,7500.00,750.00,10.0%,1875.00,25.0%,4875.00,65.0%,0,91.78%
13,Brgy Ezperanza,22500.00,4500.00,20.0%,11250.00,50.0%,6750.00,30.0%,0,93.55%
13,Brgy Poblacion,50000.00,10000.00,20.0%,30000.00,60.0%,10000.00,20.0%,1,90.68%
13,Brgy Binuni,31592.50,6318.50,20.0%,12637.00,40.0%,12637.00,40.0%,0,91.32%
13,Brgy Demologan,5250.00,262.50,5.0%,4462.50,85.0%,525.00,10.0%,0,88.12%
13,Brgy Mati,20000.00,4000.00,20.0%,6000.00,30.0%,10000.00,50.0%,0,100.00%
13,Brgy Babalaya,3750.00,187.50,5.0%,3375.00,90.0%,187.50,5.0%,0,88.89%
